,input,target
0,هو هنيك، قدام معلومات السياح بالضبط.,إنه هنك ، بالضبط قبل المعلومات السياحية.
1,مالي سمعان من قبل بهالعنوان هون.,مالي سيمون من قبل مع هذا العنوان.
2,روح ساوي لبين ما تشوف صيدلية.,روح ما تراه صيدلية.
3,بشقد الفطور؟,مع الفطور؟
4,شلون بقدر أساعدك؟,كيف يمكنني مساعدتك؟
5,روح عاليسار عند تالت مفرق.,الروح أليسار في الفصل التالي.
6,بتريد كريمة وسكر بقهوتك؟,هل تريد كرامة وسكر قهوتك؟
7,خرج تصرفلي شيك الميتين دولار تبعي؟,خرج اثنين من الشيكات الميتة؟
8,إذا لازم يبين، اتصل فيني إذا سمحت.,إذا لزم الأمر ، اتصل بي إذا سمحت بذلك.
9,وين الكافيه؟,اين المقهى؟
10,بدي كنزة اطفال.,أريد سترة أطفال.
11,ماشي. بكلف خمسة وتمانين سنت بالبريد العادي وتلات دولارات بالضبط إضافية للتوصيل الخاص.,حسنًا ، بتكلفة خمسة واثنان من الكرات ذات السنتين ، وثلاثة دولارات بالضبط للتسليم الخاص.
12,كنت بشتري هاد لو كنت محلك.,كنت قد اشتريت هذا لو كنت متجرك.
13,رح ألاقي شي صعوبة بالجمارك؟,سأجد شيئًا صعبًا في الجمارك؟
14,عندك حذاء رسمي عريض؟,هل لديك حذاء رسمي واسع؟
15,لا. ممكن أقترح وحدة مزدوجة للاستعمال المفرد بدالها؟ في عنا وحدة.,لا. هل أقترح وحدة مزدوجة للاستخدام الفردي بدلاً من ذلك؟ في وحدتنا.
16,بدي كيرلي قوي، إذا ممكن.,أريد مجعد قوي ، إن أمكن.
17,بدها بيرة.,إنها تريد أن تكون بيرة.
18,صباح الخير. شلونك؟,صباح الخير. كيف حالك؟
19,للأسف لازم أشوف إثبات هوية.,لسوء الحظ ، لا بد لي من رؤية هوية.
20,إينا نوع من الصوص؟,إنا نوع من الصلصة؟
21,هاد بارد شوي. بدك تسخنو؟,هذا بارد. هل تريد تسخينها؟
22,آسف، هاد المحل محجوز.,آسف ، هذا المتجر محجوز.
23,ماشي حالي. بس خرج تدق لرفيقي؟,أنا بخير ، لكن الخروج إلى رفيقي؟
24,شكراً، حاج هيك.,شكرا يا هاجي.
25,مين صديقك المفضل؟,من هو صديقك المفضل؟
26,يوم الصحة والرياضة بعشرة تشرين الأول هو عطلة وطنية مصممة للتوعية بصحة الناس.,شهر أكتوبر العشرة للصحة والرياضة هي عطلة وطنية مصممة لزيادة الوعي بصحة الناس.
27,بتريدني أطلع تحت الطبون؟,هل تريد أن ترى تحت الطب؟
28,خرج تساعدني ألاقي شنتايتي؟,الخروج يساعدني على مقابلة Centaiti؟
29,بتعمل ترتيبات سلفاً؟,هل الترتيبات مقدما؟
30,عم أتساعد. شكراً إلك.,أنا أساعدك شكرا لك.
31,بس تصير هنيك، سآل غير حدا، إذا ممكن.,فقط كن هينك ، لا يحصر ، إن أمكن.
32,بدي التحويلة أربعة وعشرين، إذا سمحت.,أريد أن أرتعش في العشرين من عمره ، إذا سمح به.
33,هي دولارين. عيف الباقي.,إنه اثنين دولار.
34,واحد هبمرغر وواحد تشيز برغر، إذا سمحت.,همبرغر واحد وورقة واحدة من البرجر ، إذا سمح بها.
35,شقد بتاخد عالعملية؟,كسر تأخذ العملية؟
36,بدنا ندفع كل واحد لحال مشان وجباتنا.,نريد أن ندفع كل واحد لحالة وجباتنا.
37,الموقع كان على كرسي بالصالة.,كان الموقع على كرسي في القاعة.
38,إذا سمحت صروف هي الينات لجنيهات.,إذا سمحت للأريكة ، فإن الجينات مخصصة للجنيهات.
39,بدي قاموس جيب، إذا سمحت.,أريد قاموس جيب ، إذا سمح به.
40,لشخصين عالساعة سبعة. الاسم واتانابي.,لشخصين سبعة. اسم Watanabe.
41,ساعتي. كانت سيكو رقمية.,كانت ساعتي.
42,رح يكون من دواعي سرورنا أنو نقدملك المشروب يلي بتختاروا، وبعدو العشا. في دليل كامل عن المشروبات يلي منقدمها بهالطيارة بدليل المعلومات تبع مجلتنا.,سيكون من دواعي سروري أن نقدم لك المشروب ، وسوف تختار ، وبعد العش. في دليل كامل على المشروبات ، فإن مقدمةها في الطائرة ، مع دليل المعلومات ، تليها مجلتنا.
43,ساكن بهالمنطقة؟,مقيم في المنطقة؟
44,وين محل الهدايا؟,أين هبة الهدايا؟
45,أنا عالأوتوستراد الأول جنب مورو باي.,أنا أول طريق سريع من خليج مورو.
46,بدي ساعة منبه، إذا سمحت.,أريد ساعة تنبيه ، إذا سمح بها.
47,بالمناسبة، اسمي هيروشي إيجيما.,بالمناسبة ، اسمي هيروشي إيجيما.
48,هاد القطار بوقف عند ليك فوريست، ما؟,هذا القطار هو توقف في بحيرة فورست ، ماذا؟
49,معظم اليابانيين بياكلوا أخطبوط وحبار.,معظم اليابانيين هم الأخطبوط والحطام.
50,ممكن بطاقتين درجة تانية ع شيكاغو، إذا سمحت؟,من المحتمل أن تكون بطاقتين من المرحلة الثانية على شيكاغو ، إذا سمحت؟
51,رحت ع نيويورك.,ذهبت في نيويورك.
52,شقد رقم الرحلة؟,رقم الرحلة الجوية؟
53,واحد لنيويورك، إذا سمحت.,واحد لنيويورك ، إذا سمح.
54,حوالي كم يوم.,حول عدد الأيام.
55,التاني عاليسار.,والثاني هو الأسار.
56,هي البطاقة، تمام؟,هل البطاقة مثالية؟
57,هون مكتب الاستقبال؟ في شي عيادة قريبة؟,هون مكتب الاستقبال؟ في شيء بالقرب من عيادة؟
58,بكفوا عشر دولارات بالتكسي؟,توقف عن عشرة دولارات بالضرائب؟
59,طعمة هاد غريبة.,تاما غريب.
60,إي. استنا، رح أجبلك واحد.,any.esta ، سأجعلك واحدة.
61,نص قنينة، إذا سمحت.,نص زجاجة ، إذا سمح.
62,لأ. شغلة بس مو غالية.,رقم العمل ، ولكن ليس باهظ الثمن.
63,عم تدور على شي؟,هل تدور حول شيء ما؟
64,أربع ليالي.,أربع ليال.
65,بدي جرابات.,اريد ان اكون حفر.
66,خرج تحسبو أقل لأنو في شوية وسخ؟,خروجك أقل لأنك قذر قليلاً؟
67,في واحد ضرب فيني. بعدين انتبهت أنو جزداني اختفى.,في أحدهم ، ثم لاحظت أنني اختفت.
68,مالي متأكد إذا أخدت لبس بكفي لرحلة تلات أسابيع.,مالي متأكد إذا كنت أرتدي ثوبًا لرحلة لأسابيع.
69,أيوا، بدنا نجرب نبيذ أبيض.,أيوا ، نريد تجربة النبيذ الأبيض.
70,إذا حدا سأل عني، قلون أني بكون بالكافيه.,إذا سأل أحد عني ، فأنت تقول إنني كافي.
71,متأكد أنو كان معي بالجيب الجواني للمانطو تبعي.,بالتأكيد ، كنت معي مع جيب الوشاح ، تبعه.
72,فيني آخد اسم ورقم الجهة يلي عم تتصل فيها؟,أين آخذ اسم وعدد الجانب المرتبط به؟
73,رح تدفعلي الخطوط الجوية مشان أشتري غراض شخصية ضرورية؟,هل ستفعل شركات الطيران ، وليس لشراء أغراض شخصية ضرورية؟
74,بدي غرفة مع حمام.,أريد غرفة مع حمام.
75,ما طلع شي من الماكينة؟,ماذا خرج من الجهاز؟
76,كان لازم تطلع بالرحلة تمانة تنين صفر، يلي طارت من خمسطعش دقيقة. طيب. بقدر زبطلك طيارة تانية.,كان لا بد من اعتبار الرحلة تنينًا صفرًا ، تليها دقيقة من خمسة. كما تحصل على طائرة ثانية.
77,في حدا فتحلي طردي.,في النهاية ، إنه أموالي.
78,آه، هاد ولا شي. أنت هون، عكل حال.,أوه ، هذا لا شيء. أنت هنا ، أنا آكل.
79,الخطوط الجوية اليابانية، رحلة رقم واحد تنين تلاتة.,الخطوط الجوية اليابانية ، الرحلة رقم واحد ، ثلاثة تنين.
80,بدي أشتري شامبو.,أريد شراء الشامبو.
81,معلش تقلي بس نوصل عالمركز المدني؟,ألا تقول ، لكننا نصل إلى المركز المدني؟
82,وين أقرب قصاب؟,أين تقع أقرب قصيدة؟
83,بدنا نضل أربع أيام من أول آب.,نريد أن نتقدم أربعة أيام من الأول من أغسطس.
84,اش اسم هديك الوردة؟,ما هو اسم هديتك؟
85,خمسطعش أيلول هو يوم احترام كبار السن.,الخامس من سبتمبر هو يوم احترام المسنين.
86,مافي صابون بغرفتي.,لا يوجد صابون في غرفتي.
87,في شي خرج آخدو مشان هالطفح؟,في شيء ما ، ذهبت إلى عدم الفائض؟
88,معلش تغير الصياغة للي قلتو هلئ؟,هل لا تغير الصيغة بالنسبة لي ، قلت؟
89,شقد رح يطول ليطلب؟,بدعة للذهاب طويلا للسؤال؟
90,خرج تعلي صوتك شوي، إذا سمحت؟,اخرج من صوتك ، إذا سمحت؟
91,شقد رح يطول قبل ما يطلع؟,العار سوف قبل وقت طويل ما يخرج؟
92,وين المعلومات الرياضية؟,أين هي المعلومات الرياضية؟
93,هاد القياس، يلي بتقول عليه قياس عادي، بيمشي.,هذا القياس ، يليه قياس عادي ، المشي.
94,وين رح تنتهي الجولة، وإيمت؟,أين ستنتهي الجولة ، وأنا؟
95,وين لازم غير القطار لحتى أوصل ع إدينبيره؟,أين هو الضروري بخلاف القطار من أجل الوصول إلى إدينبار؟
96,بدي أحط هاد بصندوق ودائع.,أريد وضع صندوق الودائع هذا.
97,وين بقدر أصرف مصراتي؟,أين أقضي ميسراتي؟
98,منقدر نترك غراضنا، ما عدا الغالية، بالباص؟,هل يمكننا ترك أغراضنا ، باستثناء الثمينة ، في الحافلة؟
99,ما عرفان هاد المبلغ ع فاتورتي مشان إيش.,لا أعرف هذا المبلغ على فاتورتي.
100,بدفع خمسين دولار.,عن طريق دفع خمسين دولار.
101,هلئ عرفت اش المشكلة.,كنت أعرف المشكلة.
102,آيكيدا معك. عندي حجز طاولة عالستة ونص المسا. بس بعتذر بدي أتأخر نص ساعة.,Iikdeh معك. لدي حجز طاولة على الستة ونص المساء. لكنني أعتذر ، أريد تأخير نص ساعة.
103,كم أونصة عطر فيني آخد بدون رسوم جمركية؟,كم أوقية من فيني تأخذ بدون واجبات جمركية؟
104,بس سياحة.,لكن السياحة.
105,تمام، وقع عليهون إذا سمحت. شلون بتريدو؟,حسنًا ، يسقطون عليه إذا سمحت. كيف تريد؟
106,عندك مقاعد لسا مشان عرض الليلة؟,هل لديك مقاعد ، ألا تظهر الليلة؟
107,بدي واحد كبير.,اريد واحدة كبيرة.
108,نمت لبعد منبه الستة ونص.,نمت للتنبيه الستة والنص.
109,أنا مصور مستقل.,أنا مصور مستقل.
110,موزعين الورق بيحسنوا يصرفولك دولاراتك فيش كازينو. نروح؟,موزعو الورق جيدون. نحن نذهب؟
111,عنا حوالي تلاتين نوع زيوت حمام.,عنا ، حوالي نوعين من زيوت الحمام.
112,رح يكون عندي اقتراح إلك الأسبوع الجاي.,سيكون لدي اقتراح لك الأسبوع المقبل.
113,شكراً. شقد سعر هالكفوف؟,شكرا.
114,لازم أروح. بدقلك بعدين.,لا بد لي من الذهاب. أنت بعدين.
115,بدي فوط استعمال مرة واحدة.,أريد استخدامه مرة واحدة.
116,منين أصلون سمكات الفراشة هدول؟,من أين تحصل على فراشة ، فراشة؟
117,بتصرفون لدولارات، إذا سمحت؟,هل تتصرف بالدولار ، إذا سمحت؟
118,حظنا كتير حلو. في عندون واحد قياس أربعة بمحل آلا موانا.,حظنا حلو للغاية. في واحد ، يتم قياس واحد من قبل أربعة في متجر Maanana.
119,في شي ليموزين؟,في ليموزينه؟
120,خرج حدا يدق يفيقني عالخمسة ونص بكرة الصبح؟,خرج مخرج يطرق لي خمسة ونص كرة الصباح؟
121,بفضل غرفة هادية.,بفضل غرفة هادئة.
122,بدي شوية مزيل مناكير.,أريد مزيل ماكارين الصغير.
123,بدي بطارية.,أريد بطارية.
124,في فرقة موسيقية لايف ولا دي جيه؟,في الفرقة لايف ودي جي؟
125,خرج أستأجر معدات غطس؟,خرج معدات الغوص المستأجرة؟
126,بدي أحجز غرفة لأربع أيام من تنين وعشرين كانون الأول.,أريد حجز غرفة من أربعة أيام في العشرين من كانون الأول (ديسمبر).
127,مناسبة هالشنتاية لكل حالات الجو؟,مناسبة لجميع حالات الطقس؟
128,بدي دونات، إذا ممكن.,أريد دونات ، إن أمكن.
129,بدي أستأجر سيارة أوتوماتيك يومين.,أريد استئجار سيارة أوتوماتيكية لمدة يومين.
130,روحت الرحلة عشرين لسان فرانسيسكو.,كانت الرحلة عشرين لسان فرانسيسكو.
131,بشقد عالمطار؟,مع هطول أمطار؟
132,تمام. إيمت هو؟,حسنًا ، هل هو؟
133,شقد عمر بنتك؟,عمر عمر ابنتك؟
134,خرج تعطيني فكرة عن فنادق رخيصة ونضيفة؟,أعطني فكرة عن الفنادق الرخيصة والإضافية؟
135,منقدر نحجزلك غرفة مريحة بقلعة قديمة قريبة عنادي غولف مشهور.,يمكننا أن نحتفظ بك غرفة مريحة مع قلعة قديمة ، غابة معروفة من الجولف.
136,أنا بنصح بهاد لأنو مصنوع من مكونات طبيعية مية بالمية.,أنصح Bahd لأنه مصنوع من مكونات طبيعية بالماء.
137,بوقف القطار ببرايتون؟,عن طريق إيقاف القطار مع أداة تمييز؟
138,خرج تقلي وين بقدر ألأقي تكسي؟,خرج واين بقدر سيارة أجرة؟
139,بطاقتين درجة تانية، إذا سمحت.,بطاقتين ثانيتين من الطبقة ، إذا سمح بها.
140,بدي أبعت فاكس.,أريد بيع الفاكس.
141,بدي مكواية سفرية.,اريد مؤامرة السفر.
142,بقدر أعرض عليك شي؟,بقدر ما أقدم لك شيئا؟
143,يومي؟ خوفان أسأل، بس اش قصدك؟,يوميًا؟ الخوف أسأل ، لكن ماذا تقصد؟
144,بدي واحد بيسع مستندات قياس ورق رسائل عادي بدون ما أضطر أطويون.,أريد أن يوسع المرء مستندات قياس الرسائل العادية دون الحصول على htage.
145,اي، بس مو كتير قوي.,هذا هو ، ليس قويا جدا.
146,بتحسس من القطط.,قطط بسيطة.
147,اي، لازم يكون عندك شهادة سواقة و، اه، لازم يكون عندك شهادة من لجنة التكسي والليموزين.,أي أنه يجب أن يكون لديك برنامج سائق وشهادة UH ، يجب أن يكون لديك شهادة من لجنة التاكسي والرسم.
148,تفضل، أستاذ.,من فضلك ، أستاذ.
149,ما عم بطلعلي مي سخنة.,لم أكن أعرف الماء.
150,بدي أحجز عرفة هالليلة.,أريد حجز عرفا هاليه.
151,لا، عدا الضريبة وكلفة الخدمة.,لا ، باستثناء الضريبة وتكلفة الخدمة.
152,بتحب تروح تتسوق معي المسا؟,هل تحب الذهاب للتسوق من أجلي؟
153,مرحبا، فستانك حلو كتير.,مرحبا ، فستانك حلو جدا.
154,هلئ، مكالمتك اتقبلت. تفضل إذا سمحت.,الجحيم ، يتم قبول مكالمتك.
155,شقد رقم البوابة؟,انخفاض عدد البوابة؟
156,اش هية الهدية التذكارية المعتادة من هاواي؟,ما هي الهدية التذكارية المعتادة من هاواي؟
157,بقدر أروح لهنيك بقطار الأنفاق؟,بقدر ما أذهب إليك مع الأنفاق؟
158,بدي سيشوار.,اريد رحلة.
159,رح نوصل لنتيجة إذا ضلينا عم نحكي هيك؟,سوف نصل إلى نتيجة إذا فاتنا ما نقوله؟
160,أنا من النرويج.,أنا من النرويج.
161,من العشرة للطنعش إذا سمحت.,من العشرة إلى القهوة إذا سمحت بذلك.
162,أكيد. خليني شوفو. أذاك مرجان، هيك بتوقع.,بالطبع. دعني أرى. هذا هو المرجان ، هيك.
163,من باب الاحتياط، خليني آخذ رقم الزلمة المسؤول.,كإجراء وقائي ، اسمحوا لي أن آخذ رقم Zalm المسؤول.
164,هاد أوتوستراد؟,هذا طريق سريع؟
165,ليش ما أجا عالحفلة امبارحة؟,لماذا لم تذهب إلى الحفلة؟
166,كان في حادث سير.,كان في حادث مروري.
167,عفواً، دقيت رقم غلط.,آسف ، كنت خطأ.
168,حط رقمك السري إذا سمحت.,ضع رقمك السري إذا سمحت بذلك.
169,ما بقدر أعدل الصورة.,بقدر صورة الصورة.
170,واحد تشيز برغر وعصير برتقان، إذا سمحت.,تشييسلر واحد وعصير ماهر ، إذا سمح.
171,هي جوازي السفر.,إنه راكب الركاب.
172,ليش، شكراً كتير إلك. آه، فيني أطلع لفوق الشي؟,لماذا ، شكرا جزيلا لك ، اسمحوا لي أن أنظر فوق شيء؟
173,ممكن بطاقتين للمسرحية الموسيقية يوم الجمعة الجاي؟,هل من الممكن لبطاقتين للعب الموسيقي يوم الجمعة؟
174,في مسافر تاني هنيك قال بيقدر يبدل محلات معك.,وقال إنه في مسافر ثانٍ ، يمكنه استبدال المتاجر معك.
175,فيني أمدد إقامتي؟,أين أقدم إقامتي؟
176,قول، بتعرف شي بيستاهل ينشاف هون؟,قل ، هل تعرف شيئًا يستحقه؟
177,لا، بدي أستأجر نص مجموعة مضارب وحذاء.,لا ، أريد استئجار نص من مجموعة من المضارب والأحذية.
178,خرج تعطيني خبر بس تلتقى الشنتاية الضايعة؟,أعطني الأخبار ، لكنك تقابل شنتا المفقودة؟
179,اش اسم هالحديقة الوطنية؟,ما هو اسم هذه الحديقة الوطنية؟
180,انقحطت.,انا دفعت.
181,وين في محل منيح للسياحة؟,أين متجر Minehtal؟
182,ممكن آخد شوية فواكه؟,هل يمكنني أخذ القليل من الفاكهة؟
183,خرج أجيب غدا هلئ؟,اخرج ، سأجيب غدا؟
184,بدي أصرف هدول الدولارات.,أريد أن أنفق الدولار.
185,بدي تكسي. أنا بساوث ماين وليبرتي.,أريد سيارة أجرة. أنا جنوب مين والحرية.
186,أكيد، بدك كيرلي؟,بالتأكيد ، هل تريد مجعد؟
187,هي دراقة مي تفاحة.,إنها تفاحة في مايو.
188,رح أعطيك وصفة. خدها عالصيدلية.,سأعطيك وصفة.
189,بتطلع طيارتنا تلات مرات بالأسبوع، التلاتا، الجمعة، والسبت.,يبحث الطيارون لدينا عن ثلاث مرات في الأسبوع ، Talata ، الجمعة والسبت.
190,غالي هاد، ما هيك؟,كان غالي ، ما هو هيك؟
191,اي، في عنا منو. رج نجهزلك ياه.,هذا هو ، في نمونا. ربما نجعلك سعيدا.
192,بتقدر تعيف غراضي للساعة تلاتة؟,هل يمكنك تحديد أغراض الساعة؟
193,لا، بس بدي أعدي.,لا ، لكني أريد الاستعداد.
194,بحسن أجز استأجر-سيارة هون؟,جيد ، لدي سيارة التوظيف؟
195,أنت أميركي؟,هل أنت أمريكي؟
196,لهالمحل، إذا سمحت.,للمتجر ، إذا سمح.
197,سيارتي متعطلة.,سيارتي خامدة.
198,وين ظل العيون؟,أين ظل العيون؟
199,بدنا زاوية هادية، إذا خرج.,نريد زاوية هادئة ، إذا خرجت.
200,هالتكسي مجاني شي؟,هالتي شيء مجاني؟
201,هي محطة اكسبريس؟,هل المحطة السريعة؟
202,إيمت لازم أجي؟,كنت بحاجة للمجيء؟
203,بدي بريق نبيذ أبيض صغير.,أريد تألق نبيذ أبيض صغير.
204,آه. فيني آخد وجبتي بعدين؟ مالي حاسس حالي منيح هلئ.,نعم. أين أتناول وجبتي ببعدين؟ مالي هو إحساسي الحالي بالخير.
205,بصراحة، عندي خبر. رح أتجوز.,بصراحة ، لدي أخبار. سوف أتزوج.
206,بنطلونات تانية؟,سراويل ثانية؟
207,خرج آخد برنامج؟,خرجت من برنامج؟
208,انفشت غرفتي امبارحة بالليل.,كانت غرفتي تتنفس في الليل ليلًا.
209,فرجيني السمكة يلي شفتها اليوم بكتاب الصور، إذا سمحت.,Ferjini تتبعها السمك اليوم مع كتاب الصور ، إذا سمح بها.
210,شوف التعليمات على علبة الأكل المفضاية من الهوا.,انظر التعليمات على صندوق الطعام الذي يتم تقديمه من الهواء.
211,بدي مصاري ورق.,اريد قدري.
212,شدلي جزداني وهرب بعيد.,شاداني وهرب بعيدا.
213,ما عندك دروس تجريبية؟,ليس لديك دروس تجريبية؟
214,وين بحسن أشتري طوابع بريدية؟,من أين أشتري طوابع البريد؟
215,أنا من بريطانيا العظمى.,انا من بريطانيا العظمى.
216,بدي أشوف الموضوع مع مرتي.,أريد أن أرى الموضوع مع وقتي.
217,بدي أرجع هاد.,أريد أن أعيد هذا.
218,في كولبة تلفون قدام هدك البنك.,في كولابا ، هاتف أمام البنك.
219,رح أوصل بتسعة آذار وأطلع بأربطعش.,سأصل إلى تسعة مارس وأخرج من براز.
220,غالي شوي هاد، ما هيك؟,كان غالي شوي ، ما هو هيك؟
221,معك الوصل؟,معك آل واسل؟
222,وين موقف الباص؟,أين هو موقف الحافلة؟
223,بتريد تحلاية؟,هل تريد أن يكون لديك ما وراء؟
224,أنت بتحكي؟,هل تتكلم عن؟
225,نفس الشي إلي، إذا سمحت.,نفس الشيء ، إذا سمحت.
226,ما وصل طلبي.,طلبي لم يصل.
227,في كتير ينابيع حارة.,في العديد من الينابيع الساخنة.
228,إذا سمحت صروف خميس ألف ين لدولارات أمريكية.,إذا كان Khamis Yen ، Khamis ، يسمح للدولار الأمريكي.
229,عادي بالنسبة إلي. بصراحة أنا بدي أدخن.,طبيعي بالنسبة لي.
230,وين بقدر أستأجر أدوات تزلج وأحذية؟,أين أستأجر التزلج والأحذية؟
231,نسيت مشاريبنا؟,نسينا أسيادنا؟
232,بتحسن تبعتو على عنواني باليابان ببريد الطرود العالمي؟,تحسنت ، هل اتبعت عنواني في اليابان مع Parcel Post؟
233,بدي كاسة نبيذ أحمر.,اريد كوب النبيذ الأحمر.
234,بس إذا كانت إلك، أستاذ. ها ها، مزحة صغيرة.,ولكن إذا كنت ، أستاذ.
235,أكيد. شلون فينا نخدمك؟,بالطبع. كيف نخدمك؟
236,عنا بيرة، ويسكي، براندي، جين، فودكا ونبيذ.,بالنسبة لنا ، البيرة ، الويسكي ، العلامة التجارية ، في ، الفودكا والنبيذ.
237,هوية. أوه، طيب. بصير جواز؟,تحديد الهوية ، OK.Basir هو جواز سفر؟
238,رقم غرفتي تلاتة ستة وعشرين. بتقدر تاخد غسيلاتي؟,رقم غرفتي هو عشرين -هل يمكنك أن تأخذ بلدي الغسيل؟
239,رح شوف إذا شي منون بيزبط.,سأرى ما إذا كان هناك شيء ملزم.
240,بدي غلاية.,اريد غلاية.
241,جبلي شوية جبنة مبشورة.,القليل من الجبن المبشور.
242,خرج تكون قمصاني نضفانة بكرة الصبح؟,أخرج من قمصاني ، قدمنا كرة الصباح؟
243,بتخليه يرجع يدقلي؟,هل تعود إلي؟
244,ليش طيب؟,لماذا اذن؟
245,عفواً. في مكتبة قريبة هون؟,آسف. في مكتبة قريبة؟
246,بظن أنك غلطت. الغرفة كانت مسبقة الدفع. معي وصل.,اعتقدت أنك مخطئ. تم دفع الغرفة مسبقًا. وصلتني.
247,الباص هنيك.,حافلة هنك.
248,بدي شريطين أيزو مية، فيلم ملون، ستا وتلاتين صورة، إذا سمحت.,أريد شريطين من ISO Mate ، فيلم ملون ، STA وثلاثة صور ، إذا سمح به.
249,بدي أصرف هاد الشيك بسبعين دولار.,أريد أن أنفق هذا الشيك بسبعين دولار.
250,بدي أشتري طوابع لعشر كروت بريدية لليابان، إذا سمحت.,أريد شراء الطوابع لعشر بطاقات بريد لليابان ، إذا سمح بها.
251,في شي بنوك قريبة عالمحطة؟,في شيء قريب من العالم؟
252,للأسف في غلط بالفاتورة.,لسوء الحظ ، الفاتورة خاطئة.
253,هو هنيك.,هو هنك.
254,واحد تشيز برغر سفري، إذا سمحت.,برجر جبنة واحد ، إذا سمح.
255,فعلاً ما عاد تقدر تشتغل تصميم بدون كومبيوتر.,في الواقع ، لم يعد بإمكانك تشغيل تصميم بدون جهاز كمبيوتر.
256,ركوض.,حكمت.
257,في شق هون ببلوزتي. إذا خرج تخيطلي ياه، إذا سمحت؟,في شق Hoos مع بلوزة بلدي. إذا خرجت ، تذهب ، إذا سمحت؟
258,شقد الأجرة لمانشيستر؟,أجرة لمانشستر؟
259,خرج تعيرني كبل تشباية؟,الخروج لي الملفوف ، الزانية؟
260,وين خرج أشتري حصيرة شاطئ؟,من أين اشتريت حصيرة الشاطئ؟
261,معناها، إذا سمحت عملي حجز جديد.,معناها ، إذا سمحت بحجزتي الجديدة.
262,عطيني شريحة الخنزير هديك، بس مو سميكة قدها.,أعطني شريحة لحم الخنزير ، ولكن ليس سميكًا.
263,جايين عالسبعة.,جايين هو سبعة.
264,لما بشوف الأسعار قليلة كل هاد، بحس بسخافة الشراء باليابان.,عندما نرى أسعار القليل من هذا ، مع شعور بالسخافة من الشراء في اليابان.
265,سجلاتي انسرقت كمان.,سجلت سجلاتي أيضا.
266,كورنيه بوظة بالفانيلا، إذا سمحت.,آيس كريم الفانيليا ، إذا سمح.
267,بوافقك. لازم يصير كتير طبيعي.,أوافق. يجب أن تصبح طبيعية.
268,انتبه عالحفرة، انتبه عالحفرة، بعدين جنب البواب، إذا سمحت.,انتبه إلى الحفرة ، انتبه إلى الحفرة ، ثم حارس بوابة ، إذا سمح بذلك.
269,بدي بطاقة ائتمان.,اريد بطاقة ائتمان.
270,هي الرقم.,هذا هو الرقم.
271,قلي وين في محل حلو عالنهر، إذا ممكن.,Fry Wayne في مكان حلو نهر ، إن أمكن.
272,إذا سمحت عطيني تقرير عن الحادث.,إذا أعطتني تقريرًا عن الحادث.
273,لا، شكراً هلئ.,لا، شكرا.
274,أوكي، إذا سمحت خليك عالخط. أستاذ ناكاجيما، الهيئة آنسة سايتو ما عم ترد عالمكالمة. بتريدني ضل عم دقلها كمان شوي؟,حسنًا ، إذا سمحت لك بالاتصال. Professor Nakagima ، الجسد ، الآنسة Saito ، لا يستجيب للعالم. هل تريد مني الذهاب إلى عم Daglha ، أيضًا؟
275,يمكن، بس لازم نوزنون لحال.,هذا ممكن ، لكننا بحاجة إلى وضع.
276,كأنو شوي كتير ني.,كما لو كان القليل جدا.
277,وين استلام الشناتي للرحلة سبعة صفر تلاتة؟,أين استلم الشاناتي الرحلة سبعة صفر ثلاثة؟
278,في شي غلط بمسكتك.,في شيء خاطئ في صمتك.
279,رح يكب هاد؟,هل ستحصل؟
280,لا، شكراً. أحسن شي ما أعود أشرب.,لا شكرا لك. أفضل شيء هو العودة.
281,إذا سمحت قلي وين في شوارع خرج تسوق.,إذا سمحت بقلي واين في شوارع التسوق.
282,بروح هالباص ع فندق هيلتون؟,بروح الحافلة في فندق هيلتون؟
283,هلئ، هاللوحة كتير مميزة. رسمها تسوروتارو كاتاوكا. هو فنان عالمي معروف.,هالا ، هذه اللوحة مميزة للغاية. تم رسمها بواسطة Tzuruaro Katawuka.he هو فنان دولي معروف جيدًا.
284,كتير بحب الموسيقى الكلاسيكية.,أنا أحب الموسيقى الكلاسيكية.
285,خرج أعزمك عالعشا برا شي يوم؟,خرجت لأني أن تعيش في يوم واحد؟
286,طيب. اش اسم الجهة تبعتك والرقم، إذا سمحت.,جيد. ما هو اسم الحزب والرقم ، إذا سمحت بذلك.
287,عفواً. خليني أطلع، إذا سمحت.,آسف. دعني أخرج ، إذا سمحت بذلك.
288,خرج تصيح لشي موظف بيحكي ياباني؟,خرج وهو يصرخ من أجل موظف ياباني؟
289,منزور قرايبيننا كتير.,نحن نسبي جدا.
290,ميكي هاياكاوا. هي الغرفة سبعة صفر تنين.,Mickey Hayawa.it هي الغرفة Seven Zero Dragon.
291,لازم أضل هون المسا، ما؟ خرج تساعدني أحجز غرفة فندق؟,لا بد لي من الضلال ، ماذا؟ الخروج ساعدني في حجز غرفة فندق؟
292,ما لازم يطول. خمسطعش دقيقة بالكتير.,ما هو ضروري. دقيقة مع دقيقة.
293,بتقدر تقلي شقد كلفة هالمكالمة؟,هل يمكنك أن تقلى تكلفة هذه المكالمة؟
294,طيب، خرج تقلها أني دقيت، إذا سمحت؟ رح أرجع أدقلها بعدين.,حسنًا ، خرجت أنني كنت صعبة ، إذا سمحت؟ سأعود إلى بعدين.
295,في شي جولة صباحية؟,في شيء في جولة الصباح؟
296,بتصرف عملات أجنبية؟,الخلاف العملات الأجنبية؟
297,ميزانيتنا كلها حوالي خمسين دولار لتلات أشخاص.,ميزانيتنا هي كل ما يقرب من خمسين دولار لثلاثة أشخاص.
298,وين أشتري فيلم تصوير؟,من أين أشتري فيلم تصوير؟
299,عندك بيرة يابانية؟,هل لديك بيرة يابانية؟
300,بدي بدلة سباحة قياس صغير، إذا سمحت.,أريد بدلة سباحة صغيرة القياس ، إذا سمح بها.
301,بدي أسجل شناتيي.,أريد تسجيل شيناتي.
302,معك آنسة كاوازو بالغرفة ستطعش إدعش.,أنت ملكة جمال Kawasu في الغرفة ، سوف تنعش.
303,العفو.,عفو.
304,ما في طاول.,لا يوجد جدول.
305,اشو أهم بالنسبة إلكون كشعب ياباني، يوم راس السنة ولا يوم الميلاد؟,هل من المهم بالنسبة لـ Elkon كشعب ياباني ، يوم رأس السنة الجديدة أو يوم عيد الميلاد؟
306,رقم مقعدك تنين وتلاتين إيه. بعدين، روح ساوي لنهاية هالممر. هو المقعد يلي عالشباك.,رقم المقعد الخاص بك هو تنين واثنان.
307,بس دقيقة، إذا سمحت.,دقيقة فقط ، إذا سمحت.
308,إذا سمحت عبي تقرير مفقود.,إذا سمحت بتقرير مفقود.
309,ما بفهم الأميركية، أنا بحكي إنكليزي بريطاني.,أنا لا أفهم الأميركيين ، وأخبر اللغة الإنجليزية البريطانية.
310,من امبارحة.,من أمبارا.
311,بيتضمن تأمين ضد الالاصطدام ومسؤولية القانونية.,إنه يضمن التأمين ضد الاصطدام والمسؤولية القانونية.
312,ضيعت بطاقة الاستلام تبعي.,فقدت بطاقة الإيصال.
313,عندك ريش بتصميم منيح؟,هل لديك تصميم ناعم؟
314,عم بدق من كولبة بمحل مايسي.,عم كولابا في متجر Maysi.
315,هدول كتير كبار.,الكثير من الاتجاهات الرائعة.
316,شقد كلفة الصفة بالساعة؟,جعل تكلفة السعة في الساعة؟
317,سيداتي وسادتي، برحلتنا اليوم، معنا مضيفين بيحكوا ياباني ممكن تتعرفوا عليهون من دبابيس العلم يلي حاطينون. إذا بتعرفوا حدا بدو مساعدة لغوية، قولولنا إذا سمحتوا.,سيداتي ووسادتي ، رحلتنا اليوم ، مع مضيفينا ، إنهم يخبرون اليابانيين ، يمكنك التعرف عليه من دبابيس العلم التالية. إذا كنت تعرف نهاية المساعدة اللغوية ، أخبرنا إذا سمحت بذلك.
318,في شي فترة فنية محددة بتفضلها؟,في شيء تفضله في فترة تقنية محددة؟
319,إذا سمحت تأكد منو مرة تانية.,إذا كنت تستطيع التأكد مرة أخرى.
320,روح ساوي على طول النهر حوال نص ميل. بتوصل عالحديقة.,الروح المحلاة على طول النهر حول نص ميل. تصل إلى الحديقة.
321,لا، بضاينوا كتير.,لا ، كثيرا.
322,طيب، رح أبعتلك ياه ع لاس فيغاس.,حسنًا ، سأرسل لك ، Yha ، لاس فيجاس.
323,عم دور ع بلوز رياضية.,عم دور بلوزة رياضية.
324,بتريد شي تشربو من البار؟,هل تريد شيئًا يشربه من البار؟
325,هالطريق إذا سمحت. طلاع بهالأسانصير.,هذا الطريق ، إذا سمح.
326,أحسنلك تطلع بقطار التمانة ونص.,من الأفضل أن تنظر إلى قطار القوة والنص.
327,في شي سينما قريبة؟,في شيء قريب من السينما؟
328,هلئ موسم المحار، لذلك بكونوا كويسات.,تحقق من موسم المحار ، لذا كن كمات.
329,بدي مع ساعة إيد تانية.,اريد مع جهة ثانية.
330,رح اعمل تشيك ان حوالي الساعة تسعة المسا.,سأفعل التشيكية أن الساعة حوالي تسعة.
331,تأخر الوقت. لازم أروح.,إنه متأخر.يجب على  أن أذهب.
332,ما استعملت خدمة الغسيل تبعتك. بتتأكد منه مرة تانية؟,لم أستخدم خدمة الغسيل التي تبعتك. هل تأكد من ذلك مرة أخرى؟
333,بدي شاي، إذا سمحت.,أريد الشاي ، إذا سمح.
334,لا، مافي.,لا يوجد.
335,هاد آخر موقف؟,هذا هو الوضع الأخير؟
336,خلينا ندقلو.,دعنا نذهب.
337,هاد حد؟,هذا هو؟
338,وين خرج أطلع بباص للفرجة عالمعالم السياحية؟,من أين أخرج حافلة لتطويق عالم العوالم السياحية؟
339,إي، بدي أشوف معالم المدينة.,ه ، أريد أن أرى معالم المدينة.
340,في كتير سياح حوالين البناية، هيئتون تجمعوا ليشوفوا اش عم بصير.,في العديد من السياح حول المبنى ، تجمعت الجثتان لترى ما أراه.
341,شكراً لضيافتك.,شكرا لحسن ضيافتكم.
342,الصدق أفضل سياسة.,الصدق هو أفضل سياسة.
343,خرج تفيقني الساعة ستة، إذا سمحت؟,الوقت خرج ستة ، إذا سمحت؟
344,شقد بكلف نص يوم؟,يزعج تكلفة نص اليوم؟
345,أنا كينجي.,أنا كينجي.
346,بتعرف محلات حلوة خرج شوفة بشيكاغو؟,هل تعرف متاجر حلوة ، سأرى شيكاغو؟
347,طيب، إذا مصرين، رح أمشي معكون.,حسنًا ، إذا أصرنا ، فسوف أمشي معك.
348,بتبدلي هي بوحدة تانية نفس النوع، إذا سمحت؟,هل تستبدلها بوحدة ثانية من نفس النوع ، إذا سمحت؟
349,بدي أحجز عالساعة تلاتة ونص بعد الضهر.,أريد حجز الساعة الثالثة والبعد بعد الظهر.
350,صندوق الأمان، إذا سمحت.,مربع الأمن ، إذا سمح.
351,إذا سمحت اختار نبيذ مناسب.,إذا سمحت ، اختر نبيذ مناسب.
352,بفضل محل صغير.,بفضل متجر صغير.
353,لازم أدفع مشان البنزين؟,لا بد لي من دفع البنزين؟
354,حرامي. مسكو.,Harami.Musco.
355,عم نستنا رفقاتنا يجوا.,لقد نسينا رفاقنا.
356,إذا سمحت عطيني فراطة.,إذا سمحت لي أن أعطيني زجاجة.
357,كيرلي قوي، إذا سمحت.,مجعد قوي ، إذا سمح.
358,هي ناعمة وأمورة.,هي ناعمة ومرضية.
359,اش هية أوبرا اليوم؟,ما هي الأوبرا اليوم؟
360,مقلي، إذا سمحت.,المقلية.
361,ما رجع غسيلي لسا.,لم أعود.
362,بالمناسبة، فاضي شي السبت الجاي؟,بالمناسبة ، فارغة يوم السبت ، التالي؟
363,طيب، معناها، بجوز نتفق سوا منيح.,حسنًا ، معناها ، مع المكسرات ، نتفق.
364,عاملتني كأني شحاد.,لقد عاملتني كما لو كنت علاجًا.
365,فهمت. كمان، خرج تساعدني بمشكلة تانية؟,مفهومة.
366,بتقدر تحط عدسات طبية بهدول النضارات الشمسية؟,هل يمكنك الحصول على العدسات الطبية مع النظارات الشمسية؟
367,بدي تنين من هاد.,أريد تنينًا من هذا.
368,شقد لطيفين هالكلاب. أي فصيلة؟,خطاف بيت الشباب اللطيفة التي الأنواع؟
369,وقعت شوكتي. إذا سمحت جبلي وحدة تانية.,سقطت شوكة بلدي. إذا سمحت لجبل وحدة ثانية.
370,كان حلو.,كان حلو.
371,أكيد. روح ساوي وعويج عاليمين عند تالت مفرق. بتلاقيه ع يمينك.,بالطبع. روح الصويا و Awaj al -aimin في ما يلي هو تقاطع. أنت تلتقي بحقك.
372,عندك فيلم لشرايح ملونة؟,هل لديك فيلم لتفسيرات ملونة؟
373,بتعرف كاثي؟ هي حفلة عيد ميلادها.,هل تعرف كاثي؟ إنها حفلة عيد ميلادها.
374,في عندك مخطط ألوان؟,هل لديك نظام ألوان؟
375,بقدر أدفع بشيكات سياحية؟,كما أدفع مع الشيكات السياحية؟
376,بس، هو، يا زلمة، شلون بعرف أنو هاد الشي الحقيقي؟,ولكن ، يا زالما ، كيف تعرف أن هذا هو الشيء الحقيقي؟
377,بحسن آخدو بدون ضريبة؟,بيث ، خذ بدون ضريبة؟
378,ما عم بقدر أحط غراضي تحت الكرسي. بتعفلي ياه عندك، إذا سمحت؟,لا أريد أن أضع سريري تحت الكرسي. هل تفسدك ، إذا سمحت؟
379,خرج إذا سمحت تحط هالشنتاية بالطبون؟,الخروج إذا سمحت لهذا الزي للقيام بالدواء؟
380,أنا طالع هلئ، فرح آخدو.,أرى ، سعيد جدا.
381,إذا سمحت بعات حدا لفوق مشان غراضي عالستة ونص.,إذا سمحت بإنهاء إلى حد مقعدي ونص.
382,بدي خريطة سان فرانسيسكو والمنطقة المحيطة فيها.,أريد خريطة سان فرانسيسكو والمنطقة المحيطة بها.
383,اش نوع الخبز يلي عندك؟,أي نوع من الخبز يتبعك؟
384,وين الأصانصير؟,اين asnasir؟
385,في حدا بيعرف يعزف عالبيانو؟,في النهاية ، يعرف لاعبي البيانو؟
386,بإينا محطة لازم أنزل حتى أروح ع إمباير ستايت بيلدينج؟,مع محطة ، أحتاج إلى النزول للذهاب إلى مبنى Empire State؟
387,الميزانية تحت الألف دولار.,الميزانية تحت ألف دولار.
388,شكراً، بس ما بظن عندي وقت أضل ليلتين. خرج تحجزلي غرفة مزدوجة بهداك الفندق بس بليلة طنعش آذار؟,شكرًا لك ، لكنني لم أكن أعتقد أن لدي وقتًا عندما فقدت ليلتين. هل تخرج غرفة مزدوجة في هذا الفندق ، ولكن في ليلة المسيرة؟
389,خرج أحجز غرفة مزدوجة بتطل عالمحيط؟,خرجت لحجز غرفة مزدوجة تطل على عالم؟
390,لسا ما قررنا.,نحن لا نقرر.
391,رفيقي تفشكل وانفشكت أجرو.,تم تشكيل رفيقي ، وكنت منتشرة.
392,بدي أجرب البوظة.,أريد أن أجرب الآيس كريم.
393,في شي مطعم تايلندي قريب؟,في مطعم شي التايلاندي بالقرب من؟
394,هو جنب هديك البناية الطويلة. بقا، رجاع من نفس الطريق يلي جيت منو لعند الإشارة. بعدين، عويج عاليسار.,إنه بجانبك المبنى الطويل. baqa ، يعود من نفس الطريقة ، يتبعك للتوقيع.
395,لازم ألحق أطلع بالطيارة ع لوس أنجلس بكرة الصبح بكير.,لا بد لي من اللحاق بالطائرة على لوس أنجل ، كرات الصباح.
396,"معناها بنصحك بثقة بهي ""جولة مدينة سان فرانسيسكو"". بتعطيك الخلاصة عن سان فرانسيسكو.","معنى أن ننصحك بثقة ""San Francisco City Tour"". يمنحك ملخص سان فرانسيسكو."
397,بدي أعمل تأمين.,اريد ان اعمل.
398,خلينا نحط كمادة باردة مشان يروح الوجع.,دعونا نضع مادة باردة ، لذلك سوف يذهب الألم.
399,بدها تشتري فستان.,إنها تريد شراء فستان.
400,بشقد التكسي لهالفندق؟,مع الديكور التاكسي للفندق؟
401,وين الحمامات؟,أين دورة المياه؟
402,بتكلف شي الدخلة عهالبناية؟,ما هي تكلفة الدخول؟
403,شلون بتريد.,كيف تريد.
404,عم دور ع شي رسمي.,دور شيء رسمي.
405,الشباك مسدود.,تم حظر الشبكة.
406,هو ع إينا طرف من يونيون سكوير؟,هل في حزب يونيون ميدان؟
407,نص أونصة من شانيل رقم خمسة، إذا سمحت.,نص Ansal من شانيل رقم خمسة ، إذا سمح.
408,اش رأيك بقهوة؟,ما رأيك في القهوة؟
409,لازم يكون معي بطاقة؟,يجب أن يكون لدي بطاقة؟
410,تقريباً شقد كلفة الخدمة؟,تقريبا تكلفة الخدمة؟
411,شقد من هون؟,هون هون؟
412,كريم وسكر؟,القشدة و السكر؟
413,عندك شي تخفيضات للأعضاء؟,هل لديك أي علاقة بالأعضاء؟
414,في سوبر اكسبريس بالتسعة ونص؟,في Super Express في تسعة ونص؟
415,خليني شوف سائل الفرين والمحرك. محركك هيئتو كأنو معطل.,دعونا نرى السائل والمحرك. محركك كما لو كان يعطل.
416,ما كان غلطي.,ما هو الخطأ.
417,مافي كهربا.,لا توجد كهرباء.
418,رح أخبر الشرطة بالموضوع.,سأخبر الشرطة.
419,الكل رح يكون لازم يدفع عن مشاريبو؟,سيتعين دفع الجميع مقابل ماشاريبو؟
420,بأي محل بين تلاتين وخمسين دولار بالليلة.,في أي مكان بين اثنين وخمسين دولار في الليلة.
421,إذا سمحت صلحلي هاد.,إذا سمحت لحضر.
422,بأيام راس السنة. وبالمناسبات الخاصة متل العراس، حفلات التكريم أو الجنازات.,أيام السنة الجديدة. في المناسبات الخاصة ، مثل رئيس أو شرف أو حفلات الجنازة.
423,خردل زيادة، إذا سمحت.,زيادة الخردل ، إذا سمح.
424,ليش ما بتعطيها هدية؟,لماذا لا تقدم لها هدية؟
425,بإينا فيلم بتنصح؟,في اينا ، هل تنصح؟
426,هي عشرين ورجعلي دولارين فراطة، إذا سمحت.,إنه عشرين دولارًا واثنين من الدولار ، إذا سمح به.
427,ضربتني عالطرف.,لقد ضربت النهاية.
428,بحسن أجي عالتنتين.,حسن عجي ألانتين.
429,هي الشناتي من الرحلة جيه أيه ال صفر واحد؟,هل الشاناتي من رحلة Ja al Zero One؟
430,هي أول روحة إلي ع باريس.,إنها الرائحة الأولى لباريس.
431,خرج تقدرلي شقد بكلف قبل ما تبدا شغل عليه؟,لقد خرجت ، يمكنك أن تقرر خسارتها قبل ما تبدأ العمل عليه؟
432,تفضل، إذا سمحت.,تفضل ، إذا سمح.
433,طلعة التمشاية تبعتنا رح تكون حلوة كتير.,يتبعنا الرابع ، سيكون حلوًا جدًا.
434,من وين منطلع عالقارب؟,أين تستيقظ؟
435,ما عنا شنتاية لهالكمية بقا رح أحطو بهالكيس الكبير.,لم نلعنه ، سأبقى مع العظيم.
436,بدي ألعب تنس.,أريد أن ألعب التنس.
437,في عصير أناناس، برتقان وبندورة.,في عصير أناناس ، النبض والطماطم.
438,بهالطابق ع طرف اليسار، جنب المصعد.,حسب الأرض في نهاية اليسار ، جانب المصعد.
439,اشفي عزف اليوم بقاعة الحفلات؟,شفاء اللعب اليوم في قاعة الحفلات؟
440,ما بتفضل تشوف غير فيلم؟,ماذا تفضل مشاهدته بخلاف فيلم؟
441,إذا سمحت صروف شيك السفر هاد كاش.,إذا سمحت بفحص السفر ، فهذا نقد.
442,بدي آخد نفس الدورة بكرة، إذا سمحت.,أريد أن آخذ نفس الجلسة مع كرة ، إذا سمح بها.
443,عالأغلب بقدر أعطيك جواب أحسن بعد كم عرض.,في أغلب الأحيان ، بقدر ما أعطيك إجابة أفضل بعد كم.
444,بدي هدية خرج ذكرى سنوية.,اريد هدية خرجت سنويا.
445,اشفي مسرحيات موسيقية هلئ؟,شفاء المسرحيات الموسيقية؟
446,معك مراية؟,هل لديك مرآة؟
447,عفواً، بس ضيعت الطريق. خرج تساعدني؟,آسف ، لكن الطريق فقد.
448,بدي آخد هاد، إذا سمحت.,أريد أن آخذ هذا ، إذا سمحت بذلك.
449,ما بصير تجيب ألعاب نارية عكندا.,لا أريد الإجابة على الألعاب النارية.
450,مرتك معلمة طبخ.,وقتك هو مدرس طبخ.
451,لازمك مساعدة شي؟,هل تحتاج إلى مساعدة شيء ما؟
452,خرج تحجز تكسي عالستة الصبح، إذا سمحت؟,أخرج سيارة أجرة تم حجزها في الصباح ، إذا سمحت؟
453,اش بتحب جنب وجبتك الرئيسية؟,هل تحب وجبتك الرئيسية؟
454,في محل ألبسة قريب من هون؟,في متجر للملابس بالقرب من هون؟
455,هالمحل معبا ناس، ما؟,هذا هو المتجر ، أيها الناس ، ماذا؟
456,عفواً. رح يجهزوا حوالي خمس دقايق.,آسف. سوف يستعد حوالي خمس دقائق.
457,تيبست رقبتي وأنا نايم.,رقبتي نائمة بينما كنت نائما.
458,أوكي، ما مشكلة. خرج شوف جوازك؟,حسنًا ، ما هي المشكلة.
459,ما معي مصاري.,ليس لدي قدري.
460,إيمت لازم أكون بالمحطة؟,يجب أن أكون المحطة؟
461,في كتير مطاعم هون.,هناك العديد من المطاعم هنا.
462,هو جنب غرفة الامانات.,هذا هو جانب غرفة الأمانة.
463,انبسطت بالحديث معك.,اجتاحت التحدث معك.
464,في جولة بعد الضهر؟,في جولة بعد الظهر؟
465,أنا مع رفقاتي.,أنا مع رفاقي.
466,انبسطت بإقامتي. شكراً إلك.,لقد امتدت مع إقامتي ، شكرًا لك.
467,الشاطئ تحت مباشرة. اش منظر حلو.,الشاطئ مباشرة.
468,شكراً لانتظارك، آنسة ماكغواير. هاد هو. تفضلي، إذا سمحتي.,شكرًا على انتظارك ، Miss McGoire.Me.
469,عندك هوية صورية؟,هل لديك هوية وهمية؟
470,سبعة، إذا سمحت.,سبعة ، إذا سمح.
471,بدي أبعت هاد عالغسيل. إيمت بكون جاهز؟,أريد بيع هذا الغسيل. هل كنت جاهزًا؟
472,عندي بنطلون مخطط.,لدي بنطلون مخطط.
473,نعم. شناطي شخص تاني وصلت لعندي عالغرفة هلئ. خرج تشوف الموضوع، إذا سمحت؟,نعم ، سينيتي ، الشخص الثاني الذي وصل إلى الغرفة.
474,خرج تنشرح بتفصيل أكتر؟,الخروج شرح المزيد من التفاصيل؟
475,نمت منيح؟,نما مينه؟
476,خرج تكبس زر التصوير؟,خرج زر التصوير الفوتوغرافي؟
477,مفتاحين، إذا سمحت.,مفتاح اثنين ، إذا سمح.
478,بدي لمبديرة.,أريد أن أكون مديرًا.
479,هو بآخر الممر.,إنه الممر الأخير.
480,بدي شوية ورق مسودة.,أريد ورقة صغيرة.
481,بدنا نروح بالباص؟,نريد أن نذهب في الحافلة؟
482,قلت أنك طالع ع طوكيو بكرة؟,قلت أنك قرأت على طوكيو مع كرة؟
483,خليني أنام للساعة تسعة.,اسمحوا لي أن أنام لمدة تسع ساعات.
484,بدي أحول ع أ و واحد صفر صفر. ممكن؟,أريد أن أدير A و Zero.mybe؟
485,شلون لعبتك هالأيام؟,كيف حالك؟
486,حاسس صدري عم يضيق.,أشعر أن صدري يضيق.
487,ما مشكلة. إذا جيت بخمسة أيلول، بتقدر تستمتع بعرض فيلم علمي لأنو عنا يوم خاص مفتوح بأول جمعة من كل شهر.,ما هي المشكلة. إذا أتيت مع الخامس من سبتمبر ، يمكنك الاستمتاع بعرض فيلم علمي لأننا مفتوحان يوم خاص مع أول يوم جمعة من كل شهر.
488,في عندك غير جولات شي؟,هل لديك شيء آخر غير شيء؟
489,طيب، حسم خمسة بمالية. منيح؟,حسنا ، استقر خمسة تمويل. mnih؟
490,رايح ع باريس.,راينج على باريس.
491,هو مو آخر موديل، ما؟,إنه ليس النموذج الأخير ، ماذا؟
492,موعدو الساعة تمانة ونص المسا بالتوقيت المحلي.,تاريخ الساعة الثامن ونص بالتوقيت المحلي.
493,دخول ع هالبناية معنا، إذا سمحت.,أدخل هذا المبنى معنا ، إذا سمحت بذلك.
494,طيب. بدي صحن وسط وكرات رز.,جيد ، أريد طبقًا متوسطًا وكرات الأرز.
495,شلون هالمنظر؟,كيف تبدو؟
496,بدي أشوف هداك يلي بالشباك، إذا سمحت.,أريد أن أرى هداياك ، إذا سمحت بذلك.
497,مستحيل. نحن بإجازة. ما برضى أقعد بغرفة الفندق وأتفرج عالبيسبول عالتلفزيون. بدي أروح أشوف مسرحية.,مستحيل. نحن في إجازة. أنا لست راضيًا عن غرفة الفندق ، وشاهدت لعبة البيسبول على التلفزيون. أريد أن أرى مسرحية.
498,معلش أدقرو؟,ألا تنقر؟
499,خرج تجي لهون تصلحو؟,أخرجت لك؟
500,بدي ألياف صنعية.,اريد الألياف.
501,اسمي تارو تاناكا. عندي حجز.,اسمي Taro Tanaka.i لدي تحفظ.
502,بدي شوية كريم تنضيف.,اريد القليل من الكريمة لإضافتها.
503,بدي بلوزة كم طويل.,أريد بلوزة طويلة الأكمام.
504,انسرقت مني شنتايتي.,سرقت مني.
505,يبدو طرقنا عم تلتقى كذا مرة، ما هيك؟,يبدو أن طرقنا تلبي مثل هذا ، ما هو هيك؟
506,خرج أرجع أشوف المنيو؟,ارجع ، انظر القائمة؟
507,لساتون خضر شوي.,لوسون غرينز شوي.
508,شقد؟,مرسوم؟
509,فريز، إذا سمحت.,تحرر ، إذا سمح.
510,جبل فوجي هو أعلى نقطة باليابان بارتفاع تلات الاف وسبعمية وستوسبعين متر.,جبل فوجي هو أعلى نقطة في اليابان ، يبلغ ارتفاعه ثلاثة آلاف ، وسبعة أمتار.
511,لا، لسا. في كتير شغلات للتنقاية.,ليس بعد. في العديد من الوظائف لتنقية.
512,بدي كريم ليلي.,اريد كريم ليلي.
513,هو بين المخبز والقصاب.,إنه بين المخبز والجرح.
514,بتحسن تقصر الكمام؟,تحسن أوجه القصور؟
515,للأسف مافي ملعب غولف هون.,لسوء الحظ ، لا يوجد ملعب جولف هون.
516,بتحسن تفرجيني تاني خاتم عاليسار؟,تحسين وقتي ، حلقة العالم الثاني؟
517,خرج تقلو يدقلي؟,خرج لتحريكني؟
518,جربت أدق مكالمة خارجية. علق معك شي؟,لقد جربت الاتصال الخارجي الأكثر دقة. شيء ما علق معك؟
519,هاد خطأ.,هذا خطأ.
520,اي، هاد هو. لأنو بتحسن تشوف العلم قدام مكتب البريد.,هذا هو ، هو. لأنك تحسن العلم أمام مكتب البريد.
521,رح تبعتون أكيد، ما هيك؟,سوف تتبع بالتأكيد ، ما هو هيك؟
522,بدي أدق مكالمة ببطاقة ائتمان.,أريد المكالمة الأكثر دقة مع بطاقة ائتمان.
523,بدي تبعي يروح.,أريد أن أذهب للذهاب.
524,بس يوصل، رح ندفع مشان ينشحن لعنوان بيتك.,لكنه يتصل ، وسندفع ما يتم شحنه بعنوان منزلك.
525,هالأيام بستعمل كومبيوتر دائماً بالشغل.,هذه الأيام تستخدم دائمًا جهاز كمبيوتر.
526,آه، أوكي. فهمت. رح أجي لعندك.,آه ، حسنًا ، سوف آتي إليك.
527,لا، بكفي هيك.,لا ، يكفي لك.
528,خرج آخد حرام ومخدة؟,خرجت ممنوعًا وترقيًا؟
529,خرج تجي لهون بأسرع وقت ممكن، إذا سمحت؟,اخرج للحضور إلى هون في أسرع وقت ممكن ، إذا سمحت؟
530,فنجان قهوة، إذا سمحت.,فنجان قهوة ، إذا سمح به.
531,عم دور على بطاقات يكونوا شغل هاواي.,دور في البطاقات التي هي عمل هاواي.
532,خرج تضيق الخصر تلاتة سنتي؟,الخصر يضيق السنوات الثلاث من عامي؟
533,أنا بنفس العمر.,أنا في نفس العمر.
534,بتجبلي قهوة؟,هل تريد القهوة؟
535,تلاتمية وخمسين دولار؟ هاد فوق ميزانيتي.,تالات وخمسين دولار؟ كان على ميزانيتي.
536,بدو نصوت عالموضوع؟ إذا لأ، معناها وصلنا لنتيجة، ويلي رح أبعتها لمجلس إدارتنا بكرة الصبح.,نريد التصويت لصالح الموضوع؟ إذا لم يكن الأمر كذلك ، فقد وصل معناه إلى نتيجة ، وسأرسله إلى مجلس إدارة Morning Board.
537,بتعرف إذا في فنادق رخيصة؟,هل تعرف إذا في الفنادق الرخيصة؟
538,صباح الخير، نمت منيح؟,صباح الخير ، هل نمت؟
539,اش مقرر تعمل بس تخلص مدرستك؟,ما هو القرار الذي تعمل فيه ، لكن مدرستك ستتخلص منها؟
540,انسرقت مني شنتايتي الكتف بالشارع.,سرق Shintayi الكتف في الشارع.
541,كان عندك خدمات تانية غير الفطور الصبح؟,كان لديك خدمات أخرى غير الإفطار في الصباح؟
542,بدي فنجان قهوة بيضا، إذا سمحت.,أريد فنجانًا أبيض من القهوة ، إذا سمح به.
543,أوكي. فندق الشيراتون هون شي؟,حسنًا ، فندق شيراتون هون شي؟
544,ياريت تكون ما كتير تعبان.,أتمنى أن تكون متعبًا جدًا.
545,بدي أستأجر سيارة من هالنوع شغلة يومين.,أريد استئجار سيارة يومين.
546,بدي جرعة جاك دانيلز.,أريد جرعة جاك دانيلز.
547,بدي كيس بوشار، إذا سمحت.,أريد حقيبة بوهار ، إذا سمح بها.
548,وقعت عصاية تزلج.,سقطت عصي التزلج.
549,ما منجيب هدايا عالاستقبال. بدالون، بجيبوا الضيوف مصاري.,لا توجد هدية لهدايا الاستقبال.
550,بدي أبعتو بالبريد الأرضي او البحري.,أريد أن أرسل بريدًا أو بريدًا بحريًا.
551,وصلت الطيارة متأخرة بسبب التلج القوي.,وصلت الطائرة في وقت متأخر بسبب الثلج القوي.
552,بطاقة، إذا سمحت.,بطاقة ، إذا سمحت بها.
553,خرج تاخد رسالة، إذا سمحت؟,اخرج ، خذ رسالة ، إذا سمحت؟
554,عفواً، ما عم لحقك. خرج تحكي حضرتك أبطأ شوي، إذا ممكن؟,آسف ، ما هو حقك.
555,اش بقدر أفرجيك؟,بقدر ما تصدرك؟
556,معلش أصور؟,هل لا تصور؟
557,من مية.,من الماء.
558,رقم الطيارة اتش بي تسعة وتمانين لطوكيو بإدعش آذار.,رقم HP تسعة واثنين من الوقت في مارس.
559,معلش آخد نفس هداك الطبق؟,ألا تأخذ نفس الطبق؟
560,عندك غيرو؟,هل لديك تغيير؟
561,إذا سمحت جبلي فطوري ع غرفتي عالسبعة الصبح بكرة.,إذا كان جبل الإفطار الخاص بي يسمح لغرفتي السبعة التي تتناسب مع كرة.
562,موظف صيانة رح يطلع شي شوي.,سيرى موظف الصيانة شوي.
563,أنا آسف. برجع بعدين.,أنا آسف. مرة أخرى في بعدين.
564,شلون بقدر آخدو؟,كيف تأخذ؟
565,في شي محلات فاضية بجولة يوم الخميس؟,في شيء فارغ في جولة يوم الخميس؟
566,عفواً، معلش أعدي؟,آسف ، هل أنت غير مستعد؟
567,عندك شي نباتات وفواكه؟,هل لديك شيء من النباتات والفواكه؟
568,إذا سمحت قلي شلون بعبي بطاقة الخروج؟,إذا سمحت بصراخ بطاقة الخروج؟
569,بتوقع بتسوى سيارتي بأراضي الخمس تالاف دولار.,أتوقع أن تستقر سيارتي في أراضي الدولار الخمسة تالاف.
570,هاد الأكل قليل السعرات؟,ما هو الأكل المنخفض الكالوري؟
571,إينا باص لازم آخد لأروح للمحطة؟,حافلة WEA يجب أن آخذها للذهاب إلى المحطة؟
572,نعم، صح. بس لازم تعوج عاليسار عند تالت إشارة وتضل عهالطريق لحتى توصل عالطريق ستة وستين.,نعم صحيح. ولكن يجب أن تكون ملتوية في اليسار عندما تضيع الإشارة والطرق من أجل الوصول إلى الطريق الستين.
573,بدي كاسة مي مشان آخد دوا، إذا سمحت.,أريد كوبًا في مايو ، سوف آخذ الدعاء ، إذا سمحت بذلك.
574,بكون ممنون إذا بتاخدني عالشاطئ.,إذا كنت ممتنًا إذا كنت تأخذني على الشاطئ.
575,أنا آسف. معك رقم غلط. هون تانكيوشا بريس.,أنا آسف ، أنت خطأ. مطبعة Tankiosha.
576,نحن عم نطلع.,نحن ذاهبون الى الخارج.
577,اش هالموسيقى؟,ما هي الموسيقى؟
578,إذا سمحت عطي هالشراب لابنك، كمية وحدة، بعد كل وجبة.,إذا أعطيت هالا مشروب لابنك ، كمية الوحدة ، بعد كل وجبة.
579,هالشكل في منو بقياسات تنين وتمانين، واحد وتلاتين وخمسة وتلاتين سنتيمتر.,هذا في النمو في مزايا التنين واثنان أو اثنين أو اثنين وخمسة أو سنتين.
580,أوه، هيك هيئتو كتير.,أوه ، هذا كثير.
581,معلش أستعمل تلفونك؟,هل أستخدم هاتفك؟
582,هاد ريحتو كتير طيبة. شقد سعرو؟,هذا جيد جدا
583,بدي أرجع أأكد على طيارتي ع شيكاغو بسبطعش الشهر.,أريد العودة إلى طياري على شيكاغو في باتزباش في الشهر.
584,أكلت كتير شوي.,اكلت كثيرا.
585,خرج أحكي مع آنسة براون؟,خرجت لأخبر براون؟
586,مبينتو هالبيت مريح للعيش، ما هيك؟,Mubino Halbet مريح للعيش ، ما هو هيك؟
587,بدي أحجز بخطوط نورث ويست الجوية طيارة صفر تمانة ستة بخمسة الشهر.,أريد حجز خطوط الجوية الشمالية الغربية ، صفر ، ستة أشهر ، أصفر ، شهر سادس.
588,جزداني، جوازي وغراض شخصية تانية.,Jazdan ، السماح للأغراض الشخصية الثانية.
589,إيمت بتسكر؟,هل تعتقد؟
590,وقف دقيقة. يمكن تركتو بالحمام.,توقف دقيقة. يمكنك مغادرة الحمام.
591,هيك كنت رح أقول.,أود أن أقول.
592,نعم، بظن هيك.,نعم ، هيك.
593,بيتك كبير. كم غرفة؟,منزلك كبير. كيف العديد من الغرف؟
594,انبسطنا بالعشا.,انتشرنا إلى العش.
595,فهمت، بس ما بقدر أقوله.,فهمت ، لكن بقدر ما أقول.
596,أوه، إي، إذا سمحت. بتمنى بس أنو ما يصير معون دوار البحر.,أوه ، ه ، إذا سمحت ، أتمنى ، ولكن ما يحدث مع دوار البحر.
597,عطوكيو، إذا سمحت.,Atukio ، إذا سمح.
598,إيمت منوصل تقريباً؟,هل لديك تقريبا؟
599,أنا طالع بكرة بكير، بقا بدي أدفع هلئ.,أرى Bakir ، أريد أن أدفع.
600,نبيذ دراي، إذا سمحت.,النبيذ الجاف ، إذا سمح به.
601,مقعد بدون تدخين، إذا سمحت.,مقعد دون التدخين ، إذا سمح.
602,هو مشغول هلئ.,هو مشغول.
603,بيحسنوا الأجانب يوصلوا للكتب يلي بهالمكتبة؟,هل تحسن الأجانب للوصول إلى الكتب التي تتبع المكتبة؟
604,في مجال أضل بغرفتي للساعة تنتين بعد الضهر؟,في حقل غرفتي لمشاهدة Tentin بعد الظهر؟
605,ها-ها. صباح الخير ع توقيتك. ما مشكلة.,H-ha.good صباح توقيت الخاص بك. ما هو المشكلة.
606,بدي فيلم رقم ال ايه اس ايه هاد لهي الكاميرا، إذا سمحت.,أريد LSA هذه الكاميرا ، إنها الكاميرا ، إذا سمحت بذلك.
607,وين لوحات مونيت؟,أين لوحات مونيه؟
608,هالبيتزا طيبة. مين ساواها؟,Halbza جيد. من فعل ذلك؟
609,اش طعمة هالطبق؟,ما هذا الطبق؟
610,كمان هنن غاليات.,أيضا ، هم عزيزون.
611,إيمت بطلع القطار الجاي ع بوسطن؟,ماذا تحصل على القطار التالي في بوسطن؟
612,عم بخطط أتعلم غولف.,العم في الخطط ، تعلم الجولف.
613,إذا سمحت عطيني مشروب تاني.,إذا أعطتني مشروبًا آخر.
614,شقدو متزلج معلم.,معلم التزلج شاك.
615,للأسف الكمام قصار كتير.,لسوء الحظ ، اللوم قصير جدا.
616,خرج تفرجيني شلون أعبي البنزين؟,خرجت ، كيف تخرج من البنزين؟
617,كلفة الفندق بتتضمن الفطور؟,تكلفة الفندق تشمل الإفطار؟
618,هاد كل شي؟,هذا كل شيء؟
619,هو بآخر هالشارع.,إنه الشارع الأخير.
620,إذا سمحت شغل العداد.,إذا سمحت للعداد.
621,غرفتي كتير باردة.,غرفتي باردة جدا.
622,هو هناك، قدام الاستعلامات السياحية على طول.,هناك ، أمام المعلومات السياحية على طول.
623,عمرى ما سمعت عن العنوان دة هنا.,لم تسمع حياتي عن العنوان هنا.
624,امشى على طول لحد ما تشوف صيدلية.,المشي إلى حد ما ترى صيدلية.
625,بكام الفطار؟,كم الإفطار؟
626,إزاى أقدر أساعدك؟,كيف يمكنني مساعدك؟
627,روح شمال عند الناصية الثالثة.,الروح الشمالية في الزاوية الثالثة.
628,تحب كريمة وسكر فى القهوة بتاعتك؟,هل تحب الكرامة والسكر في قهوتك؟
629,ممكن تدفع الشيك بتاعى اللى بميتين دولار؟,هل يمكنك دفع الشيك للمرء بدولارين؟
630,لو المفروض يظهر، كلمنى لو سمحت.,إذا كان من المفترض أن تظهر ، تحدث معي ، من فضلك.
631,فين الكوفى شوب؟,أين متجر كوفي؟
632,عاوز بلوفر أطفال.,اريد ان اكون أطفال.
633,أوكى. بيكلف خمسة و ثمانين سنت للإيميل العادى و ثلاثة دولار بالظبط زيادة للتوصيل الخاص.,حسنًا ، يكلف خمسة وثمانين سنتًا للبريد الإلكتروني العادي وثلاثة دولارات ، بالإضافة إلى التسليم الخاص.
634,كنت هشترى دة لو كنت مكانك.,سأشتري هذا إذا كنت في مكانك.
635,هلاقى أى صعوبة مع الجمارك؟,ما هي الصعوبة في الجمارك؟
636,عندك شوز رسمية بوش واسع؟,هل لديك تشكيل بوش واسع؟
637,لأ. ممكن أقترح أوضة بسريرين لشخص واحد كحل بديل؟ إحنا عندنا واحدة.,لا. هل أقترح أن سريرين من شخص واحد كحل بديل؟
638,عاوز كيرلى جامد، من فضلك.,أريد كورلي جامد ، من فضلك.
639,هى عاوزة بيرة.,إنها بيرة.
640,صباح الخير. عامل إيه؟,صباح الخير ما تفعلون؟
641,للأسف هحتاج أشوف بطاقة تحقيق شخصية.,لسوء الحظ ، أحتاج إلى رؤية بطاقة تحقيق شخصية.
642,إيه نوع الصوص؟,أي نوع من الصلصة؟
643,دة بارد شوية. هتسخنه؟,هذا بارد. هل تسخنها؟
644,معلش، المكان دة محجوز.,لا ، المكان محجوز.
645,أنا تمام. بس ممكن تكلم صاحبى؟,أنا بخير ، لكن هل يستطيع صديقي التحدث؟
646,شكرا، دة كفاية.,شكرا ، هذا يكفي.
647,مين أقرب صديق ليك؟,من هو أقرب صديق لك؟
648,يوم الصحة والرياضة فى العاشر من أكتوبر هو عيد قومى مصمم لتحسين صحة الناس.,يوم الصحة والرياضة في 10 أكتوبر هو عيد وطني مصمم لتحسين صحة الناس.
649,عاوزنى أدور تحت الكبوت؟,هل تريد أن تتحول تحت كابوت؟
650,ممكن تساعدنى ألاقى شنطة السفر بتاعتى؟,هل يمكنك مساعدتي في العثور على حقيبة السفر؟
651,ممكن تعمل استعدادات من بدرى؟,هل يمكنك القيام بالاستعدادات من بدري؟
652,فى حد بيساعدنى. شكرا.,أي شخص يساعدني شكرا.
653,لما توصل هناك، إسأل حد تانى، لو سمحت.,عندما وصل إلى هناك ، اسأل مرة أخرى ، من فضلك.
654,عاوز اكستنشن أربعة وعشرين، من فضلك.,أريد عشرين ربعًا من فضلك.
655,آدى اتنين دولار. خلى الباقى.,اثنين دولار. اربط الباقي.
656,واحد همبرجر وواحد تشيزبرجر، لو سمحت.,همبرغر واحد وجبنة واحدة ، من فضلك.
657,بتاخد كام في العملية؟,هل تأخذ العملية؟
658,كل حد فينا عاوز يدفع للوجبات بتاعتنا.,كل شخص فينا يريد دفع ثمن الوجبات.
659,الموقع كان على كرسى فى اللوبى.,كان الموقع على كرسي بهو.
660,من فضلك غير الين دول لجنيهات.,يرجى تغيير دول الين للحصول على جنيه.
661,عاوز قاموس جيب، لو سمحت.,أريد قاموس جيب من فضلك.
662,لشخصين الساعة سبعة. الإسم واتانابى.,لشخصين seven.watanabe اسم.
663,ساعتى. كانت سيكو رقمية.,كانت ساعتي.
664,هيكون من دواعى سروورنا إننا نقدملك مشروب من اختيارك، وراه عشا. دليل كامل للمشروبات اللى بنقدمها فى الرحلة دى موجود فى دليل معلومات المجلة بتاعتنا.,سيكون هذا هو الأسباب اللازمة التي نقدم لك مشروبًا من اختيارك ، ورأى ذلك كدليل كامل للمشروبات التي نقدمها في الرحلة في دليل معلومات المجلة.
665,إنت ساكن قريب من هنا؟,هل تبقى على مقربة من هنا؟
666,فين محل الهدايا؟,أين هبة الهدايا؟
667,أنا على الطريق السريع واحد قريب من خليج مورو.,أنا على الطريق السريع واحد بالقرب من خليج مورو.
668,عاوز منبه، من فضلك.,أريد منشطا من فضلك.
669,بالمناسبة، إسمى هيروشى إيجيما.,بالمناسبة ، اسمي هيروشي إيجيما.
670,القطر دة بيقف عند بحيرة فوريست، مش كدة؟,يقف هذا البلد في بحيرة فورست ، ليس كذلك؟
671,معظم اليابانيين بياكلوا أخطبوط وسبيط.,معظم اليابانيين هم الأخطبوط.
672,ممكن آخد تذكرتين درجة تانية لشيكاجو، لو سمحت؟,هل يمكنك أخذ تذاكرتين من الدرجة الثانية لشيكاغو ، من فضلك؟
673,أنا رحت نيويورك.,ذهبت إلى نيويورك.
674,إيه رقم الرحلة؟,ما هو رقم الرحلة؟
675,واحد لنيويورك، من فضلك.,واحد لنيويورك من فضلك.
676,لمدة أيام قليلة.,لعدة أيام.
677,التانى ناحية الشمال.,والثاني هو الشمال.
678,الكارت دة، أوكى؟,البطاقة ، حسنًا؟
679,هو دة مكتب الاستقبال؟ فى عيادة قريبة؟,هل مكتب الاستقبال؟ في عيادة قريبة؟
680,عشرة دولار هتكفى بالتاكسى؟,عشرة دولارات ستكون كافية لسيارة الأجرة؟
681,دة طعمه غريب.,هذا الطعم غريب.
682,أه. استنى، هجيبلك واحد.,نعم ، سأعطيك واحدة.
683,نص إزازة، من فضلك.,نص إيزازا من فضلك.
684,مش حقيقى. حاجة مش غالية بس.,ليس حقيقيا. لا ليست مكلفة.
685,بتدور على حاجة؟,هل تحتاج إلى حاجة؟
686,أربع ليالى.,أربع ليال.
687,محتاج شرابات.,أحتاج شرابات.
688,ممكن تخليه أرخص علشان فى شوية بقع؟,هل يمكنك تركها أرخص لقضاء القليل من المواقع؟
689,راجل خبط فيا. بعد كدة لاحظت ان محفظتى اختفت.,رجل أفسد. بعد ذلك ، لاحظت أن محفظتي اختفت.
690,مش متأكد إذا كنت وضبت هدوم كفاية لرحلة تلات أسابيع.,ليس من المؤكد ما إذا كنت تعطي ما يكفي لفترة طويلة لمدة أسبوع.
691,طيب، إحنا عاوزين نجرب نبيذ أبيض.,حسنًا ، نريد تجربة النبيذ الأبيض.
692,لو أى حد سأل عليا، قولهم إنى هكون فى الكوفى شوب.,إذا سألني أحد ، يقولون إنني سأكون في متجر الكفي.
693,أنا متأكد إنه كان معايا فى الجيب اللى جوة البالطو بتاعى.,أنا متأكد من أنه كان معي في الجيب وهو جيب موهوب.
694,ممكن آخد اسم ورقم الطرف اللى بتكلمه؟,هل يمكنني أخذ اسم الحزب وعدد الحزب للتحدث؟
695,هى شركة الطيران هتدفع لى علشان أشترى حبة ضروريات شخصية أساسية؟,هل شركة الطيران التي ستدفع لي لشراء حبوب منع الحمل من الضروريات الشخصية الأساسية؟
696,من فضلك عاوز أوضة بحمام.,من فضلك تريد حمام مع حمام.
697,مفيش حاجة طلعت من المكنة؟,ليست هناك حاجة للخروج من الجهاز؟
698,انت كان المفروض تاخد رحلة تمانية اتنين زيرو، اللى مشيت من خمستاشر دقيقة. تمام. أنا ممكن أرتبلك رحلة تانية.,كان من المفترض أن تقوم برحلة من Zero ، التي سارت من خمس دقائق.
699,فى حد فتح الطرد بتاعى.,في حد فتح الطرد.
700,أوه، ولا يهمك. المهم إنك هنا، على كل حال.,أوه ، وأنت لا تهتم. الشيء المهم هو أنك هنا ، على أي حال.
701,الخطوط الجوية اليابانية، رحلة رقم واحد اتنين تلاتة.,الخطوط الجوية اليابانية ، الرحلة الأولى الثانية ثلاثة.
702,محتاج أشترى شامبو.,أنا بحاجة لشراء الشامبو.
703,ممكن تقوللى لما نوصل لمركز المدينة؟,هل يمكن أن تخبرني عندما نصل إلى وسط المدينة؟
704,فين أقرب جزار؟,أين يوجد أقرب جزار؟
705,إحنا عاوزين نقعد أربع ليالى من أول أغسطس.,نريد أن نجلس أربع ليال من الأول من أغسطس.
706,إيه إسم الوردة دى؟,ما هو اسم الوردة؟
707,خمستاشر سبتمبر هو يوم احترام كبار السن.,الخامس من سبتمبر هو يوم احترام المسنين.
708,مفيش صابون فى أوضتى.,لا يوجد صابون في حالتي.
709,فى أى حاجة ممكن أخدها للطفح الجلدى؟,ما الحاجة التي يمكنك أن تأخذها للطفح الجلدي؟
710,ممكن تغير صيغة الكلام للى انت لسة قايله حالا؟,هل يمكنك تغيير صيغة الكلام التي ما زلت تقولها على الفور؟
711,هياخد وقت أد إيه للطلب؟,هل تأخذ وقتا للطلب؟
712,ممكن تتكلم بصوت أعلى شوية، من فضلك؟,هل يمكنك التحدث بأعلى قليلاً من فضلك؟
713,هيكون وقت أد إيه قبل ما يخرج؟,هل سيكون الوقت قبل ما يخرج؟
714,فين المعلومات الرياضية؟,أين هي المعلومات الرياضية؟
715,هو المقاس دة، اللى انت بتسميه مقاس عادى، هينفع.,هذا هو الحجم ، الذي تسميه الحجم العادي ، سوف يستفيد منه.
716,الجولة هتخلص فين، وإمتى؟,الجولة أين ، ومتى؟
717,المفروض أغير قطورات فين علشان أوصل لإدنبره؟,أفترض أنني غيرت أين تصل إلى عدنبر؟
718,من فضلك عاوز أحط دة فى صندوق امانات.,من فضلك ، أريد أن أضع هذا في صندوق الثقة.
719,أقدر أغير فلوسى فين؟,يمكنني تغيير أموالي؟
720,ممكن نسيب حاجاتنا، ماعدا الحاجات الغالية، فى الأتوبيس؟,هل يمكن لتلبية احتياجاتنا ، باستثناء الاحتياجات الثمينة ، على الحافلة؟
721,أنا مستغرب الرقم اللى على فاتورتى دة بتاع إيه.,أنا مندهش من الرقم على فاتورتي لماذا.
722,أنا هدفع خمسين دولار.,أنا أدفع خمسين دولارًا.
723,دلوقتى عرفت كانت إيه المشكلة.,الآن عرفت ما هي المشكلة.
724,معاك إيكيدا اللي بيتكلم. عندى حجز ترابيزة الساعة ستة ونص الليلة دى. بس آسف هوصل نص ساعة متأخر.,معكم ، Ikida الذي يتحدث
725,كام مللى برفان أقدر أخدها من غير رسوم جمركية؟,كيف يمكنني أخذها بدون واجبات جمركية؟
726,مجرد سياحة.,مجرد السياحة.
727,دة كويس، لو سمحت تمضيهم. تحبه يكون إزاى؟,هذا جيد ، يرجى الذهاب ، هل تحب ذلك؟
728,لسة عندك كراسى لعرض النهاردة؟,هل لا تملك كراسي لي اليوم؟
729,عاوز واحد كبير.,اريد واحدة كبيرة.
730,أنا فضلت نايم لحد ما رن منبه الساعة ستة ونص.,فضلت نايم إلى حد ما رن لمدة ست ساعات ونص.
731,أنا مصور حر.,أنا مصور مجاني.
732,الديلرز ممكن يصرفولك دولاراتك علشان بقشيش الكازينو، نمشى؟,يمكن أن تنفق الصفقات دولاراتك بسبب كريم الكازينو ، نسير؟
733,عندنا حوالى تلاتين نوع من زيوت الحمام.,لدينا حوالي نوعين من زيوت الحمام.
734,هجيبلك العرض الأسبوع الجاى.,سأريك في الأسبوع المقبل.
735,شكرا. بكام الجوانتى دة؟,شكرا. كم هذا؟
736,لازم أمشى. هكلمك بعدين.,لا بد لي من المشي ، سأتحدث إليكم بعدين.
737,عاوز حفاضات استعمال مرة واحدة.,أريد استخدام مرة واحدة.
738,أسماك الفراشة دى نشأت فين؟,سمك الفراشة ، أين؟
739,ممكن تغيرهم لدولارات. لو سمحت؟,يمكنك تغييرها مقابل الدولار.
740,إحنا محظوظين جدا. عندهم واحد مقاس أربعة فى محل ألا موانا.,نحن محظوظون للغاية. لديهم حجم واحد أربعة في مكان al -mawana.
741,فى أى ليموزين؟,في أي ليموزين؟
742,ممكن مكالمة تصحينى الساعة خمسة ونص بكرة الصبح؟,هل يمكنك الاتصال بي الساعة الخامسة والنص في الصباح؟
743,أفضل أوضة هادية.,أفضل جيلي.
744,من فضلك عاوزة أسيتون.,من فضلك تريد الأسيتون.
745,من فضلك عاوز بطارية.,من فضلك تريد بطارية.
746,فى فرقة موسيقية لايف ولا دى جى؟,في الفرقة لايف أو دي جي؟
747,ممكن أأجر عدة غطس؟,هل يمكنني استئجار العديد من الغوص؟
748,أنا عاوز أحجز أوضة لأربع ليالى من اتنين وعشرين ديسمبر.,أريد حجز كيس لمدة أربع ليال من 2 ديسمبر.
749,الشنطة دى مثالية لكل أحوال الجو؟,هذا مثالي لجميع الظروف الجوية؟
750,عاوز دونات، من فضلك.,أريد دونات من فضلك.
751,عاوز أأجر عربية أوتوماتيك لمدة يومين.,أريد استئجار العربية لمدة يومين.
752,فاتتنى رحلة طيران عشرين اللى رايحة سان فرانسيسكو.,فاتني رحلة العشرين من سان فرانسيسكو.
753,بكام لحد المطار؟,كم إلى المطار؟
754,كويس. دة إمتى؟,جيد عندما؟
755,بنتك عندها كام سنة؟,ابنتك لديها سنة؟
756,ممكن تقوللى على فنادق رخيصة و نضيفة؟,هل يمكن أن تخبرني بالفنادق الرخيصة والنظيفة؟
757,إحنا ممكن نحجزلك أوضة مريحة فى برج قديم قريب من نادى جولف مشهور.,يمكننا أن نحمل لك ضوءًا مريحًا في برج قديم بالقرب من نادي الجولف الشهير.
758,أنا أرشح دة علشان معمول من مواد طبيعية مية فى المية.,أنا مرشح لهذا الماء في الماء.
759,هو القطر بيقف فى برايتون؟,هل البلد يقف في برايتون؟
760,ممكن تقوللى منين أقدر أجيب كاب؟,هل يمكن أن تخبرني أين يمكنني الإجابة على غطاء؟
761,تذكرتين درجة تانية، من فضلك.,تذاكر اثنين من الدرجة الثانية من فضلك.
762,من فضلك عاوز أبعت فاكس.,من فضلك تريد بيع الفاكس.
763,من فضلك عاوز مكوة سفر.,من فضلك تريد آلة السفر.
764,أقدر أقدملك أى حاجة؟,يمكنني أن أفعل أي حاجة؟
765,يومى؟ خايف أسأل، بس تقصد إيه؟,يوميًا؟ أخشى أن أسأل ، لكن ماذا تقصد؟
766,أنا عاوز واحد يشيل مستندات بحجم ورق عادي من غير ما أحتاج أتنيهم.,أريد أن يقوم المرء بتحويل المستندات بحجم ورقة عادية بدون ما أحتاجه.
767,أه. بس مش جامد أوى.,نعم ، لكنني لست جامدًا.
768,أنا عندى حساسية من القطط.,أنا حساسية من القطط.
769,أيوة، إنت المفروض يكون معاك رخصة سواق و، آه، المفروض يكون معاك رخصة من لجنة عربيات الأجرة والليموزين.,أوه ، من المفترض أن يكون لديك سائق وترخيص AH ، ومن المفترض أن يكون لديه ترخيص من لجنة الضريبة ولوموزين.
770,إتفضل، يا فندم.,المضي قدما ، الأسف.
771,مش باين إنى هلاقى مية سخنة.,أنا لست ماء ساخن.
772,من فضلك عاوز أحجز أوضة لليلة دى.,من فضلك ، أريد حجز هذه الليلة.
773,لأ، دة مش شامل الضريبة ورسوم الخدمة.,لا ، هذا ليس شاملاً لرسوم الضرائب والخدمة.
774,تحب تيجى معايا نعمل شوبينج النهاردة بعد الضهر؟,هل تحب أن تأتي معي ، هل التسوق اليوم في فترة ما بعد الظهر؟
775,هاى، دة فعلا فستان جميل.,مرحبًا ، هذا حقًا فستان جميل.
776,دلوقتى، مكالمتك اتحولت، اتفضل لو سمحت.,الآن ، تحولت مكالمتك ، من فضلك.
777,رقم البوابة كام؟,رقم بوابة كاميرا؟
778,إيه أكتر هدية تذكارية مثالية من هاواى؟,ما هو أكثر هدية تذكارية من هاواي؟
779,أقدر أوصل هناك عن طريق مترو الأنفاق؟,هل يمكنني الاتصال هناك من خلال مترو الأنفاق؟
780,عاوز سيشوار.,اريد شارع.
781,إحنا هنروح أى مكان بيتكلموا فيه زى كدة؟,سوف نذهب إلى أي مكان يتحدثون فيه هكذا؟
782,أنا جاى من نورواى.,أنا من النرويج.
783,من عشرة لاتناشر لو سمحت.,من عشرة لا تنشر ، من فضلك.
784,بالتأكيد. خلينى أشوفه. إنت أتعورت من المرجان، متهيألى.,بالتأكيد.
785,احتياطي، خلينى آخد رقم الشخص المسئول.,احتياطي ، دعني آخذ الشخص المسؤول.
786,فى طريق سريع؟,على طريق سريع؟
787,هو مجاش ليه الحفلة إمبارح؟,لماذا الحزب هو الحزب أمس؟
788,كان فى حادثة مرور.,كان في حادث مروري.
789,أسف، أخدت الرقم الغلط.,آسف ، لقد أخطأت.
790,من فضلك دخل رقم التعريف الشخصى بتاعك.,الرجاء إدخال رقم التعريف الشخصي الخاص بي.
791,مش عارف أظبط الصورة.,لا أعرف الصورة.
792,واحد تشيزبرجر وعصير برتقان، من فضلك.,تشيز برجر واحد وعصير endeen من فضلك.
793,الباسبور بتاعى أهو.,جواز سفر
794,ليه، شكرا جدا. آه، ممكن أطلع لفوق؟,لماذا ، شكرا جزيلا لك ، هل يمكنني الخروج أعلاه؟
795,ممكن أخد تذكرتين للمسرحية الموسيقية للجمعة الجاية؟,هل يمكنك أخذ تذكرتين لجمعة الجمعة القادمة؟
796,فى راكب تانى هناك قال إنه ممكن يبدل الكراسى معاك.,في راكب آخر هناك ، قال إنه يمكن أن يحل محل الكراسي معك.
797,هيو هناك، بالزبط مقابل مكتب المعلومات السياحية.,Hyu هناك ، عن طريق الارتباط مقابل مكتب المعلومات السياحية.
798,أنا ما سمعت أبداً عن هاد العنوان في المنطقة هون.,لم أسمع قط عن هذا العنوان في المنطقة.
799,امشي دغري لعند ما تشوف صيدلية.,المشي الخنجر لما ترى صيدلية.
800,كم سعر الفطور؟,كم الإفطار؟
801,كيف بقدر أساعدك؟,كيف يمكنني مساعدك؟
802,روح يسار من عند الدخلة التالتة.,الروح اليسرى من الدخل التالي.
803,بتحب الكريمة والسكر مع قهوتك؟,هل تحب الكريم والسكر مع قهوتك؟
804,ممكن تصرفلي الشيك بميتين دولار؟,هل يمكنك إجراء الشيك بدولارين؟
805,ازا بده يظهر، لو سمحت كلمني.,كيف تظهر ، يرجى التحدث معي.
806,وين الكوفي شوب؟,أين المقهى؟
807,بدي بلوفر أطفال.,أريد أطفال.
808,طيب. بكلف تمنية وخمسين سنت للبريد العادي وتلاتة دولار بالزبط اضافية للتوصيل الخاص.,جيد. في تكاليف التمنيات وخمسين سنتًا للبريد العادي وثلاثة دولارات في مجال إضافي للتسليم الخاص.
809,أنا كنت راح أشتريه لو كنت محلك.,كنت سأشتريها لو كنت متجرك.
810,راح يكون عندي أي صعوبة في التعامل مع الجمارك؟,لدي أي صعوبة في التعامل مع الجمارك؟
811,عندك كندرة رسمية واسعة من عند الأصابع؟,هل لديك هذيان رسمية واسعة من الأصابع؟
812,لا. ممكن أقترح عليك بدالها غرفة مزدوجة تستخدمها استخدام فردي. عنا وحدة.,لا. يمكن أن أقترح عليك بدلاً من غرفة مزدوجة تستخدمها بشكل فردي.
813,أنا بدي اياه كتير مموج، لو سمحت.,أريدها الكثير من المتموج ، من فضلك.
814,بدها خمرة.,إنها تريد أن تكون نبيذ.
815,صباح الخير. كيف حالك؟,صباح الخير. كيف حالك؟
816,أسف راح أحتاج أشوف اثبات هوية.,آسف ، أنا بحاجة إلى رؤية دليل على الهوية.
817,أي نوع من الصوص؟,أي نوع من الصلصة؟
818,هاد بارد شوي. ممكن تسخنه؟,هذا بارد. هل يمكنك تسخينه؟
819,آسف، بس هاد المكان محجوز.,آسف ، لكن هذا المكان محجوز.
820,أنا تمام، بس ممكن أحكي مع صاحبي؟,أنا بخير ، لكن هل يمكنني إخبار صديقي؟
821,شكراً، هيك بكفي.,شكرا ، هذا يكفي.
822,مين صاحبك المفضل؟,من هو صديقك المفضل؟
823,يوم الصحة والرياضة بعشرة أكتوبر بكون عطلة وطنية عملوه عشان يرفعوا مستوى الصحة عند الناس.,يوم الصحة والرياضة في العاشرة من أكتوبر ، كعطلة وطنية قاموا بها لرفع مستوى الصحة للناس.
824,بدك اياني أشيك تحت غطا الموتور؟,هل تريد التحقق تحت ازدراء المحرك؟
825,ممكن تساعدني ألاقي شنتة سفري؟,هل يمكنك مساعدتي في حقيبة سفر؟
826,ممكن إتطور الترتيبات؟,هل يمكن أن تتطور الترتيبات؟
827,حد عم بساعدني، شكراً الك.,لا أحد ساعدني ، شكرا لك.
828,لما توصل هناك، اسأل حد تاني، لو سمحت.,عندما وصل إلى هناك ، اسأل شخصًا آخر ، من فضلك.
829,حابب أمدد يوم، لو سمحت.,أود تمديد يوم واحد من فضلك.
830,هي دولارين. خلي الباقي إلك.,إنه اثنان دولار. اربط الباقي.
831,واحد همبرغر وواحد برجر بالجبنة، لو سمحت.,همبرغر واحد وبرجر واحد مع الجبن ، من فضلك.
832,كم تاخد عشان العملية؟,كم تأخذ بسبب هذه العملية؟
833,احنا كل واحد حابب يدفع على وجبته.,نحن كل من يحب دفع وجبته.
834,الموقع كان موجود على كرسي باللوبي.,كان الموقع على كرسي بهو.
835,لو سمحت اصرفلي هدول من ين لجنيهات.,إذا سمحت يدي بالانتقال من الين مقابل الجنيهات.
836,بدي قاموس بحجم الجيبة، لو سمحت.,أريد قاموسًا بحجم الجيب من فضلك.
837,لشخصين الساعة سبعة. الاسم واتاناب.,لشخصين seven.watanab اسم.
838,ساعتي. كانت رقمية من سيكو.,كانت ساعتي الرقمية من Seko.
839,راح نكون كتير مبسوطين نقدملك الشراب اللي بتختاره، وبيلحقة العشا. منوفر قائمة كاملة من الشراب على هاي الطيارة موجودة بمجلة المعلومات التوجيهية تبعتنا.,سنكون سعداء للغاية ، ونقدم لك المشروب الذي تختاره ، والشرق. توجد قائمة كاملة من المشروبات في The Hi Pilot في مجلة Infidence Information.
840,انت عايش بالمنطقة هون؟,هل تعيش في المنطقة؟
841,وين محل الهدايا؟,أين هبة الهدايا؟
842,أنا بالشارع الرئيسي الأول قريب من المارو بايه.,أنا في الشارع الرئيسي الأول بالقرب من خليج مارو.
843,بدي ساعة منبه، لو سمحت.,أريد ساعة تنبيه من فضلك.
844,بالمناسبة، اسمي هيروشي ايجيما.,بالمناسبة ، اسمي هيروشي إيجيما.
845,هاد القطار بوقف عند بحيرة الغابة. مش هيك؟,تم إيقاف القطار عند بحيرة الغابة.
846,أغلب اليبانيين بياكلو الأخطبوط والحبار.,معظم Yibanin Bayalu الأخطبوط والحبر.
847,ممكن أحجز بطاقتين لتشيكاغو من الدرجة التانية، لو سمحت؟,هل يمكنني حجز بطاقتين للثاني -فئة Class Chicago ، من فضلك؟
848,أنا رحت على نيويورك.,ذهبت إلى نيويورك.
849,كم رقم رحلة الطيران؟,كم عدد الرحلات الجوية؟
850,وحدة لنيويورك، لو سمحت.,وحدة لنيويورك من فضلك.
851,لحوالي كم يوم.,لعدد الأيام.
852,التاني على الشمال.,الثاني في الشمال.
853,هاي البطاقة، طيب؟,مرحبا البطاقة ، حسنا؟
854,هاد مكتب الاستقبال؟ في عيادة قريبة من هون؟,مكتب الاستقبال هذا؟ في عيادة قريبة من هون؟
855,بكفو عشرة دولار للتكسي؟,خمسة دولارات تاكسي؟
856,هاد الطعم غريب.,هذا الطعم غريب.
857,طيب. استنى، راح أجبلك وحدة.,جيد ، أنا ، سأكون الوحدة.
858,نص عبوة، لو سمحت.,نص التعبئة ، من فضلك.
859,مش هيك. بس اشي مش غالي.,ليس هذا. لكن شيئًا ما ليس مكلفًا.
860,انت بتستنى اشي؟,ألست كذلك؟
861,أربع ليالي.,أربع ليال.
862,محتاج شوية جرابات.,أحتاج إلى قرون صغيرة.
863,بتقدر ترخصلي اياه لأنه هون عليها شوية بقع؟,يمكنك أن تنظر إليها لأنها نقاط صغيرة عليها؟
864,في رجال ضرب في . وبعدها لاحظت أنه محفظتي انسرقت.,في الرجال الذين ضربوا. ثم لاحظت أن محفظتي سرقت.
865,أنا مش متأكد اذا عندي ملابس مضبوبة تكفيني لرحلة مدتها ثلاث أسابيع.,لست متأكدًا ، إذا كان لديّ منصات ، فأنا يكفي بالنسبة لي في رحلة لمدة ثلاثة أسابيع.
866,طيب، احنا حابيين نجرب الخمر الأبيض.,حسنًا ، نحن محبوبون من النبيذ الأبيض.
867,اذا أي حد سأل عني، احكيلهم اني راح أكون بالكوفي شوب.,إذا سأل أي شخص عني ، أخبرهم أنني سأكون المقهى.
868,أنا متأكد انه كان بالجيبة جوا كبوتي.,أنا متأكد من أنه كان في الإجابة علي.
869,ممكن تعطيني الاسم والرقم للجهة اللي بتتصل فيها؟,هل يمكنك أن تعطيني الاسم والرقم إلى الجانب الذي تتصل به؟
870,راح تدفعلي شركة الطيران عشان أشتري شوية أشياء من الضروريات الشخصية الأساسة؟,هل ستفعل شركة الطيران لشراء بعض الأشياء من الضروريات الأساسية؟
871,بدي غرفة مع حمام.,أريد غرفة مع حمام.
872,ما في أي انتاج من الآلة؟,ما هو إنتاج الجهاز؟
873,انت كان المفروض تطلع برحلة الطيران رقم ثمانمية وعشرين، اللي أقلعت من خمسطعشر دقيقة. على العموم. أنا بقدر أرتبلك رحلة تانية.,كان من المفترض أن تنظر إلى رقم الرحلة ثمانية وعشرون ، والتي أقلعت من خمس دقائق.
874,في حد فضالي الطرد البريدي.,في الحد الأقصى للبريد.
875,أووه، ولا اشي. انت هون، على كل حال.,أوه ، وأنا لا ، أنت هنا ، ولكن.
876,الخطوط الجوية اليابانية، رحلة الطيران رقم واحد اتنين تلاتة.,شركات الطيران اليابانية ، الرحلة رقم واحد اثنين ثلاثة.
877,أنا لازم أشتري شامبو.,لا بد لي من شراء الشامبو.
878,ممكن تحكيلي متى راح نوصل على مركز المدينة؟,هل يمكن أن تخبرني متى سنصل إلى وسط المدينة؟
879,وين أقرب لحام؟,أين اللحام الأقرب؟
880,احنا حابيين نضل أربع ليالي من واحد أغسطس.,نحن أقمشة ، نضل أربع ليال من أغسطس.
881,شو اسم هاي الوردة؟,ما هو اسم الوردة؟
882,خمسطعش سبتمبر هو يوم احترام المسنين.,الخامس من سبتمبر هو يوم احترام المسنين.
883,ما عندي صابون في الغرفة.,ليس لدي صابون في الغرفة.
884,في أي اشي ممكن أخده عشان هاد الطفح الجلدي؟,في أي شيء من الممكن أخذه بسبب هذا الطفح الجلدي؟
885,بتقدر تغير الصياغة للي انت حكيته هلأ؟,يمكنك تغيير الصيغة التي أخبرتها؟
886,كم بده وقت عشان ياخد الطلب؟,كم من الوقت يبدو أن يأخذ الطلب؟
887,ممكن تحكي بصوت أعلى شوي، لو سمحت؟,هل يمكنك إخبار صوت أعلى من فضلك؟
888,كم راح يكون طولها قبل ما تطلع؟,كم من الوقت سيكون طولها قبل البحث؟
889,وين معلومات الرياضة؟,أين هي المعلومات الرياضية؟
890,هي المقاس هون، اللي حكيت عنه المقاس العادي، راح أخده.,إنه الحجم هنا ، الذي أخبرته بالحجم العادي ، أخذته.
891,وين راح تخلص الرحلة، ومتى؟,أين سيتم حفظ الرحلة ، ومتى؟
892,وين لازم أغير القطار عشان أوصل لادنبرة؟,أين يجب أن أغير القطار للوصول إلى محملة؟
893,أنا بدي أحط هاد في صندوق حفظ أمانات.,أريد أن أضع هذا في الحفرة.
894,وين بقدر أصرف فلوسي؟,أين أنفق أموالي؟
895,ممكن نترك أغراضنا، إلا الأشياء الغالية، في الباص؟,هل يمكننا ترك أغراضنا ، باستثناء الأشياء الثمينة ، في الحافلة؟
896,أنا مستغرب ليش كل هاد المصروف على فاتورتي.,أنا مندهش ، لماذا كل المصاريف على فاتورتي.
897,أنا راح أدفع خمسين دولار.,سأدفع خمسين دولارًا.
898,هلأ أنا عرفت شو اللي كان غلط.,كنت أعرف ما هو الخطأ.
899,انا ايكيدا بيحكي. عندي حجز لطاولة الساعة ستة ونص المساء. بس أنا آسف راح أوصل متأخر نص ساعة.,أنا متأكد من أن أخبرني. لدي حجز طاولة ستة أدوات ونص المساء. لكنني آسف ، سأصل متأخراً لمدة ساعة.
900,كم أوقية من العطر ممكن أخد معي بدون رسوم جمركية؟,كم مرة من العطور التي يمكنك أن تأخذها معي بدون واجبات جمركية؟
901,بس للسياحة.,فقط للسياحة.
902,هيك تمام، لو سمحت وقعهم. كيف بتحبه يكون؟,هيك بخير ، إذا سمحت بتأثيرها. كيف تحب ذلك؟
903,لسا في عندك مقاعد لعرض الليلة؟,هل لديك مقاعد للعرض الليلة؟
904,أنا بدي واحد كبير.,اريد واحدة كبيرة.
905,أنا نمت بين منبه الساعة ستة ونص.,نمت بين ست ساعات ونص.
906,أنا مصور حر.,أنا مصور مجاني.
907,التجار ممكن يحولوا الدولارات لحيل الكازينو. لازم نروح؟,يمكن للتجار تحويل الدولارات إلى حيل الكازينو. علينا أن نذهب؟
908,عنا حوالي تلاتين نوع من زيوت الحمام.,حوالي نوعين من زيوت الحمام.
909,راح يكون عندي الاقتراح الك الأسبوع الجاي.,سيكون لدي اقتراح للأسبوع المقبل.
910,شكراً الك. كم سعر هاي الكفوف؟,شكرا لك. كم هو الكفوف؟
911,أنا لازم أروح. راح أحكي معك بعدين.,أحتاج إلى الذهاب ، سأخبرك بعدين.
912,بدي حفاظات للاستعمال مرة وحدة.,أريد استخدامه للاستخدام مرة واحدة.
913,من وين أصل نشأة سمكة الفراشة؟,أين أصل سمك الفراشة؟
914,ممكن تحولي اياهم لدولارات، لو سمحت؟,هل يمكنك تجربتهم إلى دولارات من فضلك؟
915,احنا كتير محظوظين. في عندهم واحد مقاسه أربعة في محل ألا موانا.,نحن محظوظون للغاية. لديهم حجم واحد من أربعة في مكان al -mawana.
916,في هون ليموزين؟,في هون ليمزين؟
917,ممكن تبعتلي مكالمة تصحيني فيها الساعة خمسة ونص الصبح؟,هل يمكنك استدعاء مكالمة تستيقظ في الساعة الخامسة ونص الصباح؟
918,أنا بفضل غرفة هادية.,أنا بفضل غرفة هادئة.
919,بدي مزيل للمناكير.,أريد مزيل العرق.
920,بدي بطارية.,أريد بطارية.
921,في هناك فرقة موسيقية لايف أو دي جيه؟,في هناك فرقة موسيقى حية أو دي جي؟
922,بقدر أستأجر معدات الغطس؟,بقدر ما استأجر معدات الغوص؟
923,أنا بدي أحجز غرفة لمدة أربع ليالي من اتنين وعشرين ديسمبر.,أريد حجز غرفة لمدة أربع ليالٍ من اثنين ديسمبر.
924,هاي الشنطة بتلائم الجو بكل أحواله؟,مرحبًا ، الحقيبة مناسبة للطقس في جميع ظروفها؟
925,بدي دونت، لو سمحت.,أريد ارضاء.
926,بدي استأجر سيارة أوتوماتيك ليومين.,أريد استئجار سيارة تلقائية لمدة يومين.
927,أنا راحت على رحلة الطيران عشرين لسان فرانسيسكو.,ذهبت إلى رحلة عشرين فرانسيسكو.
928,كم بكلف للمطار؟,كم عدد تكاليف المطار؟
929,هيك تمام. متى راح يكون؟,هيك بخير. متى سيكون ذلك؟
930,كم عمر بنتك؟,كم عمر ابنتك؟
931,ممكن تحكيلي عن أوتيلات رخيصة ونظيفة؟,هل يمكن أن تخبرني عن المتداول الرخيص والنظيف؟
932,ممكن نحجزلك غرفة مريحة في قصر قديم قريب من نادي الخليج المشهور.,هل يمكننا عقد غرفة مريحة في قصر قديم بالقرب من نادي الخليج الشهير.
933,أنا بنصحك بهاد لأنه مصنوع من مواد طبيعية مية بالمية.,أنصحك بأنه مصنوع من مواد طبيعية بالماء.
934,بوقف القطار عند برايتون؟,عن طريق إيقاف القطار في برايتون؟
935,بتقدر تحكيلي من وين بلاقي سيارة أجرة؟,هل يمكن أن تخبرني أين ألتقي بسيارة أجرة؟
936,بطاقتين من الدرجة التانية، لو سمحت.,بطاقتين ثانيتين -من فضلك.
937,أنا بدي أبعت فاكس.,أريد بيع الفاكس.
938,بدي مكواية للسفر.,أريد السفر للسفر.
939,بقدر أجبلك أي اشي؟,طالما أنك لا تفعل أي شيء؟
940,يومي؟ أنا خايف من السؤال، بس شو قصدك؟,يوميًا؟ أخشى السؤال ، لكن ماذا تقصد؟
941,بدي واحد بيقدر يمسك الوثائق اللي بحجم الورق عادي بدون ما يتنيهم.,أريد الشخص الذي يمكنه الاحتفاظ بمستندات حجم الورق العادي دون ما يرغبون فيه.
942,اه، بس مش كتير قوي.,اه ، ولكن ليس قويا جدا.
943,أنا عندي حساسية من البسس.,لدي حساسية من الأساس.
944,اه، لازم يكون عندك رخصة سواقة، اه، ولازم يكون عندك رخصة تاكسي وتفويض ليموزين.,أه ، يجب أن يكون لديك رخصة قيادة ، أه ، وعليك أن يكون لديك ترخيص سيارة أجرة وترخيص ليموزين.
945,تفضل، أستاذ.,من فضلك ، أستاذ.
946,مش قادر أبين أنه المي عندي سخنة.,أنا غير قادر على إظهار أن لدي حرارة.
947,أنا بدي أحجز غرفة لهاي الليلة.,أريد حجز غرفة الليلة.
948,لا، هي بتتضمن الضريبة وقيمة الخدمة.,لا ، ويشمل الضريبة وقيمة الخدمة.
949,بتحب تيجي معي على التسوق بعد الظهر؟,هل تحب أن تأتي معي للتسوق في فترة ما بعد الظهر؟
950,مرحبا، هاد فعلا فستان حلو.,مرحبًا ، هذا حقًا فستان حلو.
951,حاليا، مكالمتك بلشت. تفضل لو سمحت.,حاليا ، مكالمتك ليست.
952,كم رقم البوابة؟,كم هي البوابة؟
953,شو هو أحسن تذكار ممكن من هاواي؟,ما هو أفضل نصب تذكاري ممكن من هاواي؟
954,بقدر أروح هناك من خلال القطار؟,بينما أذهب إلى هناك عبر القطار؟
955,بدي مجفف للشعر.,أريد مجفف شعر.
956,راح نضل نحكي هيك وين ما نروح؟,سوف نستمر في إخبار Heck ، إلى أين نحن ذاهبون؟
957,أنا اجيت من النرويج.,جئت من النرويج.
958,من عشرة لطنعش لو سمحت.,من عشرة إلى قهوة من فضلك.
959,أكيد. خليني أشوف. انت انجرحت من المرجان، بتوقع.,بالطبع. دعني أرى. لقد أصبت من الشعاب المرجانية ، مع التوقع.
960,بس للاحتياط، أعطيني رقم الشخص المسؤول.,ولكن للحجز ، أعطني الرقم المسؤول للشخص.
961,في طريق سريع؟,على طريق سريع؟
962,ليش ما اجيت على الحفلة مبارح؟,لماذا لم تحصل على الحفلة؟
963,كان في حادث سير.,كان في حادث مروري.
964,آسف، أنا أخدت الرقم الغلط.,آسف ، لقد أخطأت.
965,لو سمحت دخل البن الخاص فيك.,إذا سمحت لدخل القهوة فيك.
966,مش قادر أغير الصورة.,أنا غير قادر على تغيير الصورة.
967,واحد برجر بالجبنة وعصير برتقال، لو سمحت.,برغر واحد مع الجبن وعصير البرتقال ، من فضلك.
968,هي جواز سفري.,إنه جواز سفر.
969,ليش، شكراً كتير الك. اه، بقدر أطلع فوق على القمة؟,لماذا ، شكرا جزيلا لك ، هل ، بقدر ما استيقظت إلى القمة؟
970,بقدر أحجز تذكرتين للحفلة الموسيقية الجمعة الجاي؟,بقدر ما أحجز تذكرتين لحفل الجمعة؟
971,في مسافر تاني هناك حكي انه ممكن يبدلو الكراسي معكم.,في مسافر آخر ، هناك رواية يمكنهم استبدال الكراسي معك.
972,بقدر أمدد قعدتي؟,طالما أقدم مقعدي؟
973,حكى، بتعرف أي اشي بستحق الشوفة قريب من هون؟,خذها ، أنت تعرف أي شيء تستحق رؤيته قريب من الهون؟
974,لا، أنا بدي استأجر نص مجموعة من المضارب وشوز.,لا ، أريد استئجار نص لمجموعة من المضاربين والهزات.
975,ممكن تخبرني بس تبين الشنطة الضايعة؟,هل يمكن أن تخبرني ، لكن إظهار الحقيبة المفقودة؟
976,شو بسمو هاي الحديقة الوطنية؟,ما هي الحديقة الوطنية؟
977,أنا انخدشت.,لقد خدشت.
978,وين في مكان منيح للسياحة؟,أين في مكان السياحة؟
979,ممكن تجبلي شوية فواكة؟,هل يمكنك الحصول على القليل من الثمار؟
980,ممكن أتغدى هلأ؟,هل يمكنني الغداء؟
981,بدي أصرف هاي الدولارات.,أريد أن أنفق هذه الدولارات.
982,بدي تاكسي. أنا في ساوث مين وليبرتي.,أريد سيارة أجرة أنا في ساوث مين والحرية.
983,أكيد، بدك اياه كيرلي؟,بالتأكيد هل تريد كورلي؟
984,هاد مش تفاح هاد خوخ.,هذه ليست تفاحة من الخوخ.
985,راح أعطيك وصفة طبية. خدها على الصيدلية.,سأعطيك وصفة طبية. خذها على الصيدلية.
986,احنا منسافر تلت أيام بالأسبوع، الثلاثاء، الجمعة والسبت.,نسافر بضعة أيام في الأسبوع ، يوم الثلاثاء والجمعة والسبت.
987,هيك غالي، صح؟,هيك عزيز ، أليس كذلك؟
988,اه، موجود عنا. راح نجهزلك اياه.,آه ، هناك عنا. سنقوم بإعداده لذلك.
989,ممكن تخليلي شنطي للساعة تلاتة؟,هل يمكنك التقاط ساعة صيد؟
990,لا، أنا بس بدي أقعد.,لا ، أنا فقط أريد الجلوس.
991,بقدر احجز أجر-سيارة هون؟,بقدر ما تم حجز سيارة مكافأة؟
992,انت أمريكي؟,أنت أمريكي؟
993,لهاد المكان، لو سمحت.,هذا هو المكان من فضلك.
994,سيارتي مسروقة.,سيارتي مسروقة.
995,وين ضل العيون؟,أين العيون؟
996,بدنا زاوية هادية، ازا ممكن.,نريد زاوية هادئة ، قدر الإمكان.
997,هاد التاكسي مجاني؟,هذه التاكسي مجانية؟
998,هاي محطة اكسبريس؟,مرحبا محطة إكسبريس؟
999,متى لازم آجي هون؟,متى تحتاج أجي هون؟
1000,بدي قنينة من النبيذ الأبيض.,أريد زجاجة من النبيذ الأبيض.
1001,ممم. ممكن أخد وجبتي بعدين؟ حاسس حالي مو على بعضي هلأ.,mm.can أنا أتناول وجبتي بعدين؟ أشعر أنني الحالي الخاص بي على بعض.
1002,فعلياً، عندي أخبار. أنا تزوجت.,في الواقع ، لدي أخبار.
1003,في بلاطين تانية؟,في البلاط الثاني؟
1004,بقدر آخد برنامج؟,وأنا آخذ برنامج؟
1005,في حد اقتحم غرفتي الليلة الماضية.,أي شخص اقتحم غرفتي الليلة الماضية.
1006,ورجيني السمكة اللي شفتها اليوم في كتاب الصور، لو سمحت.,وأظهر لي الأسماك التي رأيتها اليوم في كتاب الصور من فضلك.
1007,شوف الارشادات اللي على باكيدج الأكل المغلفة.,انظر الإرشادات حول الأكل المطلي.
1008,بدي فلوس من ورق.,أريد المال من الورق.
1009,هو أخد محفظتي وهرب بعيد.,أخذ محفظتي وهرب بعيدا.
1010,ما أخدت دروس عن ممر المشاة؟,ماذا أخذت دروسا حول ممر المشاة؟
1011,من وين بقدر أشتري طوابع البريد؟,من أين أشتري طوابع البريد؟
1012,أنا من بريطانيا العظمى.,انا من بريطانيا العظمى.
1013,لازم أشيك على الموضوع مع زوجتي.,لا بد لي من التحقق من الموضوع مع زوجتي.
1014,أنا بدي أعمل استرجاع لهاد.,أريد أن آخذ استعادة لهذا.
1015,هناك في كشك تليفون مقابل البنك.,يوجد في كشك الهاتف المقابل للبنك.
1016,راح أوصل بتسعة مارس وراح أروح بأربعطعش.,ذهبت إلى مارس التاسعة وذهبت إلى أربعة.
1017,هاد غالي شوي، مش شايف هيك؟,هل كان غالي شوي ، لا ترى هذا؟
1018,عندك السيجارة؟,هل معك سيجارة؟
1019,وين محطة الباص؟,أين محطة الحافلات؟
1020,بتحب الحلويات؟,هل تحب الحلويات؟
1021,انت بتحكي؟,هل تتكلم عن؟
1022,ومتله الي، لو سمحت.,ولكم ، من فضلك.
1023,طلبي ما وصل.,طلبي لم يصل.
1024,في كتير ينابيع سخنة.,في العديد من الينابيع الساخنة.
1025,لو سمحت أصرفلي خمسين ألف ين للدولار الأمريكي.,إذا سمحت بخمسون ألف ين للدولار الأمريكي.
1026,هيك تمام معي. بصراحة أنا بحب أدخن.,هيك كاملة معي.
1027,من وين ممكن استأجر أدوات سكي و بوت؟,أين يمكنني استئجار أدوات السماء والبوت؟
1028,انت نسيت عصايرنا؟,هل نسيت عصائرنا؟
1029,ممكن تبعتلي اياه على عنواني في اليابان وأستلمه من خلال صفحة الطرود الدولية؟,هل يمكنك متابعته على عنواني في اليابان واستلامه من خلال صفحة الطرود الدولية؟
1030,بدي كاسة خمر أحمر.,اريد كأس أحمر.
1031,بس ازا كانت الك، أستاذ. ههههههه، هاي مزحة صغيرة.,ولكن كان ، أستاذ.
1032,أكيد. كيف منقدر نخدمك؟,بالطبع. كيف يمكننا خدمتك؟
1033,عنا بيرة، ويسكي، براندي، جين، فوديكا وخمر.,بالنسبة لنا ، البيرة ، الويسكي ، براندي ، الجن ، الفودكا والنبيذ.
1034,هويتك الشخصية. اوه، صح. جواز سفر صح؟,هويتك الشخصية.
1035,رقم غرفتي تلاتة ستة وعشرين. ممكن تجبلي غسيلي؟,رقم غرفتي هو عشرين -هل يمكنك أن تصنعني؟
1036,راح أشوف اذا أي واحد من هدول بتزبط معي.,سأرى ما إذا كان أي واحد من زمام الأمور مرتبطًا معي.
1037,بدي غلاية مي.,أريد غلاية ماي.
1038,أعطيني شوي من الجبنة المبشورة.,أعطني جبن مبشور.
1039,ممكن يكونو قمصاني مغسولين بكرا الصبح؟,هل يمكن أن يكونوا قمصان غسلها في صباح اليوم؟
1040,ممكن تخليه يتصل فيي بعدين؟,هل يمكنك السماح له بالاتصال بي بعدين؟
1041,طيب ليش؟,لكن لماذا؟
1042,عفواً. في حولينا هون مكتبة بتبيع كتب؟,آسف ، إلينا ، هنا مكتبة تبيع الكتب؟
1043,أظن انك عملت غلط. الغرفة كانت أجرتها مدفوعة. عندي فاتورة.,أعتقد أنك ارتكبت خطأ. تم دفع الغرفة. لدي فاتورة.
1044,الباص موجود هناك فوق.,الحافلة موجودة أعلاه.
1045,بدي شريطين أيزو مية، فيلم ملون، ستة وتلاتين صورة، لو سمحت.,أريد شريطين ماتي ISO ، فيلم ملون ، ستة وصورتان ، من فضلك.
1046,بدي أصرف هاد الشيك بقيمة سبعين دولار.,أريد أن أنفق هذا الشيك بقيمة سبعين دولارًا.
1047,أنا بدي أشتري طوابع لعشر بطاقات بريدية لليابان، لو سمحت.,أريد شراء الطوابع لعشرة بطاقات بريدية لليابان ، من فضلك.
1048,في أي بنك قريب من المحطة؟,في أي بنك قريب من المحطة؟
1049,أنا خايف يكون في خطأ بالفاتورة.,أخشى أن أكون مخطئًا في مشروع القانون.
1050,هيو هون.,هون هون.
1051,واحد برجر بالجبنة عشان أروح، لو سمحت.,برغر واحد مع الجبن للذهاب ، من فضلك.
1052,ما بتقدر تعمل تصميم شغل حقيقي من دون كمبيوتر أبداً.,لا يمكنك أبدًا إنشاء تصميم عمل حقيقي بدون جهاز كمبيوتر.
1053,أركد.,ضغط.
1054,في خزق هون في بلوزتي. بدي اسألك ازا بتقدر تخيطلي اياه، لو سمحت؟,في Hun's Krohn in My Boots. أريد أن أسألك كيف يمكنك خياطةه ، من فضلك؟
1055,كم الأجرة لمانشستر؟,كم هي رسوم مانشستر؟
1056,ممكن تعيرني وصلة كهربا؟,هل يمكنك إقراض لي رابط؟
1057,من وين بقدر أشتري حصيرة للبحر؟,من أين أشتري حصيرة للبحر؟
1058,بعدين، لو سمحت أعطيني حجز جديد.,ثم ، من فضلك أعطني حجزًا جديدًا.
1059,أعطييني شريحة اللحم هاي، بس ما تكون سميكة متل هديك.,أعطني شريحة من اللحوم مرحبًا ، لكنك لست سميكًا مثل هديتك.
1060,راح نيجي الساعة سبعة.,سيكون نيجي الساعة السابعة.
1061,لما أشوف الأسعار رخيصة متل هيك، بحس أنه مسخرة الواحد يجيب أي شي من اليابان.,عندما أرى أسعارًا رخيصة مثل Heck ، بشعور من أن مجهر الشخص يجيب على أي شيء من اليابان.
1062,انسرقوا تسجيلاتي، كمان.,على حق في سجلاتي أيضًا.
1063,قرطوس بوظة على فانيلا، لو سمحت.,آيس كريم كارتو على الفانيليا ، من فضلك.
1064,أنا موافق. لازم يكون كتير طبيعي.,أوافق. يجب أن يكون طبيعيًا جدًا.
1065,انتبه للحفرة، انتبه للحفرة، بعدين قريب من البواب، لو سمحت.,انتبه إلى الحفرة ، انتبه إلى الحفرة ، وعانين بالقرب من حارس البوابة ، من فضلك.
1066,راح أحتاج لبطاقة البنك.,سأحتاج إلى البطاقة المصرفية.
1067,هون الرقم.,رقم هون.
1068,احكيلي عن موقع كويس في هاد النهر، لو سمحت.,أرني عن موقع هذا النهر من فضلك.
1069,لو سمحت أعطيني تقرير للحادث.,من فضلك أعطني تقرير الحادث.
1070,لا، شكراً الك لهلأ.,لا ، شكرا لك على هذا.
1071,اوك، لو سمحت خليك معي على الخط. السيد ناكاجيما، والست سايتو شكلهم ما بردوا على المكالمة. بتحب أرن عليها لمدة أطول شوي؟,حسنًا ، اسمحوا لي لي على الخط.ناكاجيما ، وستة سايتو ، لم ترد على الاتصال. هل ترغب في القيام بذلك لشواء أطول؟
1072,ممكن، بس لازم نوزنهم كل واحد لحاله.,ممكن ، ولكن يجب أن نجمعهم لكل واحد.
1073,شكله شوي نادر.,شكله نادر.
1074,وين استلام الشنط لرحلة الطيران رقم سبعة صفر تلاتة؟,أين حصلت الحقائب على رقم الرحلة رقم سبعة صفر ثلاثة؟
1075,مالها اشي ايدك.,أموالها هي يديك.
1076,راح يكون خراب؟,سيكون الخراب؟
1077,لا، شكراً. أنا بفضل ما أشرب بعد هيك.,لا شكرا لك ، شكرا لما أشربه بعد هيك.
1078,لو سمحت احكيلي شوية شوارع منيحة للتسوق.,إذا سمحت لي أن أخبرني شوارع النافذة للتسوق.
1079,هاد الباص بودي لفندق الهلتون؟,هذه هي الحافلة لفندق هالون؟
1080,هلأ، هاي اللوحة كتير مميزة. تسوروتارو كاتاوكا. وهو مصنف على انه فنان عالمي.,هاي ، هذه اللوحة مميزة للغاية. تم تصنيف sturotaro katawuka.it كفنان عالمي.
1081,عندي إحترام كبير الموسيقى الكلاسيكية.,لدي احترام كبير للموسيقى الكلاسيكية.
1082,بقدر أدعيك على الغدا برا ليوم؟,بقدر ما أدعوك إلى الغد بعد يوم؟
1083,تمام. شو اسم الشخص اللي من طرفك ورقم تلفونه، لو سمحت.,حسنًا ، ما هو اسم الشخص من جانبك ورقم هاتفه ، من فضلك.
1084,عفوا. مرقني، لو سمحت.,آسف. ماركني ، من فضلك.
1085,ممكن تجبلي فريق بحكي باللغة اليابانية؟,هل يمكنك عمل فريق باللغة اليابانية؟
1086,احنا منزور قرايبنا دائما وأبداً.,نحن دائما أقاربنا وليس أبدا.
1087,ميكي هاياكاوا. هاي غرفة رقم سبعة صفر اتنين.,Mickey Hayawa.hi Room رقم سبعة صفر اثنين.
1088,لازم أضل هون الليلة، بقدر؟ بتقدر تساعدني أحجز غرفة بفندق؟,يجب أن أضيء الليلة ، هل يمكنك مساعدتي في حجز غرفة فندق؟
1089,المفروض ما يطول. خمسطعشر دقيقة كحد أقصى.,من المفترض أن يكون طويلًا.
1090,بتقدر تحكيلي تكلفة هاي المكالمة؟,هل يمكن أن تخبرني تكلفة هذه المكالمة؟
1091,طيب، بتقدر تحكيلها اني اتصلت، لو سمحت؟ راح أتصل فيها مرة تانية بعدين.,حسنًا ، يمكنك أن تخبرها أنني اتصلت ، من فضلك؟ سأسميها مرة أخرى بعدين.
1092,في أي جولات صباحية؟,في أي جولات الصباح؟
1093,انت بتصرف عملات أجنبية؟,هل تتصرف العملات الأجنبية؟
1094,ميزانيتنا حوالي خمسين دولار مشمولة لتلت أشخاص.,ميزانيتنا حوالي خمسين دولار مغطى الناس.
1095,من وين بقدر أشتري شريط أو فلم تصوير؟,من أين أشتري شريطًا أو فيلمًا؟
1096,عندك بيرة يابانية؟,هل لديك بيرة يابانية؟
1097,بدي بدلة سباحة مقاسها صغير، لو سمحت.,أريد بدلة سباحة صغيرة الحجم من فضلك.
1098,بدي أسجل شنطي.,أريد تسجيل شائعات.
1099,معك الآنسة كوازو من الغرفة ألف ستطعش حدعش.,أنت ملكة جمال Kawazu من الغرفة ألف أنك سوف تكون عالقة.
1100,العفو.,عفو.
1101,ما في منهم.,ما فيهم.
1102,مين أهم الكم انتو الناس اليابانيين، ليلة راس السنة والا عيد الكريسماس؟,من هي أهم كمية ، فأنت شعب ياباني أو ليلة رأس السنة أو يوم عيد الميلاد؟
1103,رقم مقعدك اتنين وتلاتين ايه. بعدين، امشي دغري لاخر هاد الممر. المقعد اللي على الشباك.,رقم المقعد الخاص بك هو اثنين واثنان.
1104,بس دقيقة، لو سمحت.,دقيقة من فضلك.
1105,لو سمحت عبيلي تقرير المفقودات.,إذا سمحت للتقرير المفقود.
1106,أنا ما بفهم أمريكي، أنا بحكي بالانجليزي البريطاني.,أنا لا أفهم أميركيًا ، فأنا أخبر اللغة الإنجليزية البريطانية.
1107,من مبارح.,من مدحه.
1108,بيضمن تأمين الاصطدام والمسؤولية القانونية.,ضمان الاصطدام والمسؤولية القانونية.
1109,ضيعت بطاقة الاستلام تبعي.,فقدت بطاقة الإيصال.
1110,عندك أي اقتراحات بتصميمات حلوة؟,هل لديك أي اقتراحات مع التصميمات الحلوة؟
1111,أنا بحكي معك من كشك عام في ميسي.,أقول لك من كشك عام في ميسي.
1112,هدول كتيير كبار.,كيدهول كيتير كبار.
1113,كم تكلفة الصفة لكل ساعة؟,كم هي الصفة في الساعة؟
1114,السيدات والسادة، في رحلتنا اليوم، عنا حضور بحكوا اللغة اليابانية معرفين من دبوس العلم اللي لابسينه. إذا عرفتوا إنه أي حد منهم بحتاج مساعدة في اللغة، لو سمحتوا خبرونا.,السيدات والسادة ، في رحلتنا اليوم ، عن حضور اللغة اليابانية ، وتحديد أعلام العلم التي ترتديها. إذا كنت تعلم أن أي حدود تحتاج إلى مساعدة اللغة ، إذا سمحت أخبارنا.
1115,في أي نقطة معينة في الفن انت بتفضلها؟,في أي نقطة معينة في الفن تفضل؟
1116,لو سمحت اتأكد منه مرة تانية.,إذا سمحت لها بالتأكد من ذلك مرة أخرى.
1117,ضلك ماشي دغري على طول النهر حوالي نص ميل. راح تصير في الحديقة.,هذا ليس خنجرًا على طول النهر حول نص ميل. ستصبح في الحديقة.
1118,لا، هدول كتير متينيين.,لا ، الكثير من الناس ملوثون.
1119,اوك، راح أبعتلك اياهم على لاس فيجاس.,حسنًا ، سأرسلك إلى لاس فيجاس.
1120,أنا بدور على بلايز للركض.,أنا على أشواط الجري.
1121,بتحب تشرب أي اشي من البار؟,هل تحب شرب أي شيء من البار؟
1122,هاد الطريق لو سمحت. خد هاد المصعد.,بهذه الطريقة ، من فضلك ، خذ هذا المصعد.
1123,الأفضل الك تطلع بقطار الساعة تمنية ونص.,أفضل ما تنظر إليه على مدار الساعة ، متمنياً ونصًا.
1124,في هون سينيما قريبة؟,في السينما الهون القريبة؟
1125,هلأ موسم المحار، عشان هيك بيكونو زاكيين.,موسم المحار ، لأن Heck Baconu Zaki.
1126,بدي مع ساعة ايد تانية.,اريد مع ساعة ثانية.
1127,راح أنزل بالفندق حوالي الساعة تسعة بالليل.,ذهبت إلى الفندق حوالي تسع ساعات في الليل.
1128,عم بتأخر. لازم أروح.,العم تأخير. يجب أن أذهب.
1129,أنا ما استخدمت خدمة الغسيل تبعتك. بتقدر تتأكدلي من هاد مرة تانية؟,لم أستخدم خدمة الغسيل التي تبعتك. هل يمكنك التأكد من ذلك مرة أخرى؟
1130,بدي شاي، لو سمحت.,أريد الشاي من فضلك.
1131,لا، ما في.,لا يوجد.
1132,هاد آخر موقف؟,هذا هو الوضع الأخير؟
1133,خلينا نرجه.,دعونا نأمل.
1134,هاد حار كتير؟,هذا كثير من الساخنة؟
1135,من وين ممكن ألاقي باص سياحي؟,أين يمكنني أن أجد حافلة سياحية؟
1136,اه، أنا بدي أعمل مشاهد المدينة.,اه ، أريد أن أعمل على مشاهد المدينة.
1137,في كتير سياح حوالين البناية، شكلهم متجمعين عشان يشوفوا شو اللي بصير.,في العديد من السياح حول المبنى ، يتم جمع شكلهم لمعرفة ما يراه.
1138,شكراً الك على حسن الضيافة.,شكرا لك على الضيافة.
1139,الأمانة أحسن سياسة.,الأمانة هي أفضل سياسة.
1140,بتقدر تصحيني الساعة ستة، لو سمحت؟,يمكنك الاستيقاظ في الساعة السادسة ، من فضلك؟
1141,كم بكلف لمدة نص يوم؟,كم من الوقت لنص اليوم؟
1142,أنا كينجي.,أنا كينجي.
1143,بتعرف أي أماكن حلوة نشوفها في تشيكاغو؟,هل تعرف أي الأماكن الحلوة التي نراها في شيكاغو؟
1144,طيب، ازا انتو الاتنين مصرين، أنا راح أضلني واقف جنبكم.,حسنًا ، أنت المصريان ، سأقودني إلى الوقوف بجانبك.
1145,ممكن تصرف هاد لواحد تاني من نفس النوع، لو سمحت؟,هل يمكن صنع هذا النوع من نفس النوع لواحد من نفس النوع ، من فضلك؟
1146,بدي أعمل حجز للساعة تلاتة ونص المسا.,أريد أن أفعل ساعة الساعة ونص المساء.
1147,صندوق الأمان، لو سمحت.,مربع الأمان من فضلك.
1148,لو سمحت اختار خمر بناسبك.,الرجاء اختيار النبيذ في بدلتك.
1149,بدي أي مكان صغير.,اريد أي مكان صغير.
1150,لازم علي أدفع حق البنزين؟,لا بد لي من دفع حق البنزين؟
1151,حرامي. امسكه.,harami.hold ذلك.
1152,احنا منستني صحابنا يجو.,لقد نسينا رفاقي.
1153,لو سمحت أعطيني شوية فراطة.,من فضلك أعطني قليلا.
1154,كيرلي قوي، لو سمحت.,قوي مجعد ، من فضلك.
1155,هي صغيرة وأمورة.,هي صغيرة ومرضية.
1156,شو عرض الأوبيرا اليوم؟,ما هو عرض الأوبرا اليوم؟
1157,مقلي، لو سمحت.,مجالي ، من فضلك.
1158,غسيلي ما رجع لحد هلأ.,لم أكن أعود إلى الحد.
1159,بالمناسبة، راح تكون فاضي السبت الجاي؟,بالمناسبة ، سوف تكون فارغًا يوم السبت؟
1160,طيب، بعدين، ممكن نضل مع بعض على طول.,حسنًا ، بعدين ، يمكننا القتال معًا.
1161,عاملتني على اني حرامية.,لقد عاملتني على أنها ممنوعة.
1162,فهمت. وكمان، ممكن تساعدني بكمان مشكلة تانية؟,مفهومة. هل يمكنك مساعدتي في مشكلة ثانية؟
1163,ممكن تركبلي عدسات طبية على هاي النظارة الشمسية؟,هل يمكنك تثبيت العدسات الطبية على هذه النظارات الشمسية؟
1164,راح أخد تنتين من هدول.,سوف آخذ تينتين من هذا.
1165,كلاب حلوين. شو نوعهم؟,كلاب حلوة. ما نوعهم؟
1166,أنا انكسرت شوكتي. لو سمحت جبلي وحدة تانية.,لقد كسرت شوكي. إذا سمحت بوحدة ثانية.
1167,هاد كان ممتع.,وكان هذا متعة.
1168,أكيد. امشي دغري ولف يمين من الدخلة التالتة. راح تلاقيه على يمينك.,بالطبع ، خنجر ولف يمين من الدخل التالي. ستقابله على يمينك.
1169,عندك أشرطة للصور الملونة؟,هل لديك أشرطة للصور الملونة؟
1170,بتعرف كاثي؟ هاي حفلة عيد ميلادها.,هل تعرف كاثي؟ مرحبا حفلة عيد ميلادها.
1171,عندك رسم بياني ملون؟,هل لديك رسم بياني ملون؟
1172,بقدر أدفع عن طريق شيك سياحي؟,بينما أدفع شيكًا سياحيًا؟
1173,بس، هو، شخص، كيف بدي أعرف أنه هاد اشي حقيقي؟,ولكن هو ، شخص ، كيف أعرف أنه صحيح؟
1174,بقدر آخده من دون ضريبة؟,طالما آخذها بدون ضريبة؟
1175,أنا ما بقدر أحط شنتي تحت المقعد. ممكن تحتفظلي فيهم، لو سمحت؟,أنا لست بقدر ما كنت تحت المقعد. هل يمكنك الاحتفاظ بهم ، من فضلك؟
1176,ممكن لو سمحت تحطلي الشنتة في شنتة السيارة؟,هل يمكنك السماح لي بوضع الحقيبة في كيس السيارة؟
1177,أنا طالع هلأ، وهيك راح أستلمه.,أرى ، وهنا سأستقبلها.
1178,لو سمحت ابعتلي حدا فوف عشان شنطي الساعة ستة ونص.,من فضلك أرسل لي نهاية لمدة ست ساعات ونص.
1179,حبيت مخطط سان فرانسيسكو والمناطق اللي حواليها.,أحببت مخطط سان فرانسيسكو والمناطق المحيطة به.
1180,شو نوع الخبز اللي عندك؟,أي نوع من الخبز لديك؟
1181,وين المصعد؟,أين المصعد؟
1182,في أي حدا بقدر يعزف بيانو؟,في أي مدى يلعب البيانو؟
1183,بأي محطة لازم أنزل عشان أروح على امباير ستيت بيلدينج؟,ما هي المحطة التي يجب أن أذهب إليها للذهاب إلى مبنى Empire State؟
1184,الميزانية أقل من ألف دولار.,الميزانية أقل من ألف دولار.
1185,شكراً الك، بس ما بتوقع أنه معي وقت عشان أضل ليلتين. ممكن تحجزلي غرفة مزدوجة في الفندق لليلة اطنعش مارس بس؟,شكرًا لك ، لكنني لم أكن أتوقع أن يكون لدي وقت لأضله لمدة ليلتين. هل يمكنك حجز غرفة مزدوجة في الفندق طوال الليل ، هل تعيش؟
1186,ممكن أحجز غرفة مزدوجة مطلة على البحر؟,هل يمكنني حجز غرفة مزدوجة تطل على البحر؟
1187,لسا ما قررنا لهلأ.,نحن لسنا ما قررنا.
1188,صاحبي وقع وصار عنده التواء بالكاحل.,سقط صديقي ولديه التواء في الكاحل.
1189,بدي أجرب عصير غازي.,أريد أن أجرب عصير الغازي.
1190,في هون مطعم تايلندي قريب؟,في هون ، مطعم تايلاندي بالقرب من؟
1191,على اليمبن جنب البناية الطويلة. وبهيك، ارجع مرة تانية نفس الطريق اللي اجيت منه لعند ما تلاقي الاشارات. وبعدها روح يسار.,على الجانب الأيمن من المبنى الطويل. لا أحب ، أعود مرة أخرى بالطريقة نفسها التي أتيت بها ، لما تم تلبية العلامات. ثم الروح اليسرى.
1192,لازم ألاقي طيارة على لوس أنجلوس بكرا الصبح بكير.,لا بد لي من العثور على طائرة في لوس أنجلوس باكرا آل سابا باكر.
1193,"انا أكيد بنصحك ب ""جولة مدينة سان فراسيسكو"" هاي. رح تعطيك لمحة عن سان فرانسيسكو.","أنا متأكد من أن أنصحك بـ ""San Francisco City Tour"" مرحبًا ، سوف يعطيك لمحة عن سان فرانسيسكو."
1194,بدي أعمل تأمين.,اريد ان اعمل.
1195,خليني أحط كمادة باردة عشان يخف الوجع.,اسمحوا لي أن أضع مادة باردة لتقليل الألم.
1196,هي بدها تشتري فستان.,إنها تريد شراء فستان.
1197,كم بكلف التكسي لعند الفندق؟,كم تكلفة التاكسي للفندق؟
1198,وين الحمام؟,أين الحمام؟
1199,بكلف أي اشي عشان أدخل هاي البناية؟,أنا كلفت أي شيء للدخول هذا المبنى؟
